"Account Type","Account Name","Account Code","Parent Account","Normal Balance","Account Role","Recommended Zoho Status","Tax / Reporting Mapping","Description","Existing Account ID"
"Bank","GH Real Estate - Checking","1000","","Debit","Connected Bank / Reconcile","Keep Active","Balance Sheet / Not Direct Schedule E","Primary operating bank account for rent receipts, mortgage payments, vendor payments, and ordinary property operations. Reconcile monthly.","5858793000000096019"
"Bank","GH Real Estate - Savings","1010","","Debit","Connected Bank / Reconcile","Keep Active","Balance Sheet / Not Direct Schedule E","Business savings account for operating reserves and planned property expenditures. Reconcile monthly.","5858793000000096011"
"Bank","GH Real Estate - Money Market Savings","1020","","Debit","Connected Bank / Reconcile","Keep Active","Balance Sheet / Not Direct Schedule E","Business money-market account for interest-bearing reserves. Reconcile monthly and record earned interest separately.","5858793000000096027"
"Cash","Undeposited Funds","1100","","Debit / Temporary","Zoho System / Clearing","Keep Active – System / Reconcile","Balance Sheet / Not Direct Schedule E","Temporary control for cash or checks received but not yet deposited. Reconcile to deposit records and clear promptly; normal balance is debit while unsettled.","5858793000000000358"
"Cash","Petty Cash","1110","","Debit","Cash / Reconcile","Keep Active","Balance Sheet / Not Direct Schedule E","Physical petty-cash fund used only for documented minor GH Real Estate costs. Reconcile to receipts and cash on hand; leave at zero if no actual fund exists.","5858793000000000361"
"Cash","Cash Refunds – Zoho System Control","1120","","Debit","Zoho System / Clearing","Keep Active – System / Zero","Balance Sheet / Not Direct Schedule E","Zoho cash-refund control account. Use only when a cash refund workflow requires it; otherwise issue refunds from the actual GH bank account. Do not use for security-deposit expense or income. Reconcile to zero.","5858793000000421003"
"Accounts Receivable","Accounts Receivable","1200","","Debit","Zoho System Control","Keep Active – System / Reconcile","Balance Sheet / Not Direct Schedule E","Zoho control account for issued customer invoices that remain unpaid. Use invoice, payment, and credit-note workflows rather than manual tenant postings.","5858793000000000364"
"Other Current Asset","Other Current Assets","1300","","Debit","Top Parent – Do Not Post","Keep Active – Parent / Do Not Post","Balance Sheet / Not Direct Schedule E","Parent for short-term non-cash assets. Do not post directly.","5858793000003701034"
"Other Current Asset","Prepaid Expenses","1300.01","Other Current Assets","Debit","Posting Account","Keep Active","Balance Sheet / Not Direct Schedule E","Payments made before the related service or benefit period. Amortize material amounts over the applicable period.","5858793000000090011"
"Other Current Asset","Vendor Advances And Refunds Receivable","1300.02","Other Current Assets","Debit","Posting Account","Keep Active","Balance Sheet / Not Direct Schedule E","Vendor deposits, advances, and confirmed refunds owed to GH Real Estate. Clear through the applicable bill, credit, or refund.","5858793000003701042"
"Other Current Asset","Mortgage Escrow - 9401 Nieman Road","1300.03","Other Current Assets","Debit","Posting Account","Keep Active","Balance Sheet / Not Direct Schedule E","Funds held by the mortgage servicer for property taxes and insurance. Reduce when the servicer disburses the funds.","5858793000001571845"
"Other Current Asset","Due from Member / Member Receivable","1300.04","Other Current Assets","Debit","Posting Account","Keep Active","Balance Sheet / Not Direct Schedule E","Documented, enforceable amount the member must repay promptly to GH Real Estate. Do not net against Due to Member. If repayment is not expected, classify as a member distribution instead of an asset.","5858793000003706896"
"Other Current Asset","Advance Tax","1390","","Debit","Zoho System / Conditional","Keep Active – System / Zero","Balance Sheet / Not Direct Schedule E","Zoho default account for genuine entity-level recoverable tax prepayments. Do not record the member's personal federal or state estimated income taxes here; leave at zero unless supported by an entity tax receivable.","5858793000000000370"
"Other Current Asset","Employee Advance","1391","","Debit","Zoho System / Conditional","Keep Active – System / Zero","Balance Sheet / Not Direct Schedule E","Zoho default account for documented advances to employees. GH currently has no employees; leave at zero. Do not use for the member, whose amounts belong in Due from Member or member equity as facts require.","5858793000000035001"
"Payment Clearing","Zoho Payments Clearing","1400","","Debit / Temporary","Payment Clearing / Reconcile","Keep Active – System / Reconcile","Balance Sheet / Not Direct Schedule E","Temporary account for Zoho Payments receipts awaiting settlement. Reconcile gross payments, fees, refunds, and bank deposits.","5858793000000206017"
"Fixed Asset","Fixed Assets","1500","","Debit","Top Parent – Do Not Post","Keep Active – Parent / Do Not Post","Balance Sheet / Not Direct Schedule E","Parent for capitalized property and equipment. Do not post directly.","5858793000003701056"
"Fixed Asset","Land - 9401 Nieman Road","1500.01","Fixed Assets","Debit","Posting Account","Keep Active","Balance Sheet / Not Direct Schedule E","Allocated acquisition cost of nondepreciable land, including qualifying capitalized acquisition costs.","5858793000003701060"
"Fixed Asset","Building - 9401 Nieman Road","1500.02","Fixed Assets","Debit","Posting Account","Keep Active","Balance Sheet / Not Direct Schedule E","Capitalized acquisition cost allocated to the residential building, excluding land and separately identified assets.","5858793000003701064"
"Fixed Asset","Building Improvements - 9401 Nieman Road","1500.03","Fixed Assets","Debit","Posting Account","Keep Active","Balance Sheet / Not Direct Schedule E","Capitalized building betterments, restorations, and adaptations placed in service after acquisition. Excludes ordinary repairs; maintain project, placed-in-service date, cost, and book/tax depreciation details.","5858793000003701068"
"Fixed Asset","Land Improvements - 9401 Nieman Road","1500.04","Fixed Assets","Debit","Posting Account","Keep Active","Balance Sheet / Not Direct Schedule E","Capitalized depreciable site improvements such as qualifying paving, fencing, drainage, and permanent landscaping. Track separately from building improvements because useful lives and tax recovery periods may differ.","5858793000003701074"
"Fixed Asset","Appliances","1500.05","Fixed Assets","Debit","Posting Account","Keep Active","Balance Sheet / Not Direct Schedule E","Capitalized appliances exceeding the adopted capitalization threshold. Maintain item-level detail in the fixed-asset register.","5858793000000757101"
"Fixed Asset","Furniture And Equipment","1500.06","Fixed Assets","Debit","Posting Account","Keep Active","Balance Sheet / Not Direct Schedule E","Capitalized furniture, office equipment, and property equipment exceeding the adopted capitalization threshold.","5858793000003701080"
"Other Asset","Construction in Progress","1550","","Debit","Posting Account","Keep Active","Balance Sheet / Not Direct Schedule E","Qualifying capital-project costs accumulated before the asset is ready and available for use. Do not depreciate CIP; transfer to the appropriate fixed-asset account when placed in service.","5858793000003701084"
"Fixed Asset","Accumulated Depreciation","1590","","Credit","Top Parent – Do Not Post","Keep Active – Parent / Do Not Post","Balance Sheet / Not Direct Schedule E","Parent contra-asset for cumulative depreciation. Do not post directly.","5858793000003701088"
"Fixed Asset","Accumulated Depreciation - Building","1590.01","Accumulated Depreciation","Credit","Contra-Asset Posting Account","Keep Active","Balance Sheet / Not Direct Schedule E","Cumulative depreciation recorded against the building. This account normally carries a credit balance.","5858793000000290629"
"Fixed Asset","Accumulated Depreciation - Building Improvements","1590.02","Accumulated Depreciation","Credit","Contra-Asset Posting Account","Keep Active","Balance Sheet / Not Direct Schedule E","Cumulative book depreciation recorded against building improvements. Normal balance is credit. Land improvements use 1590.04; maintain detailed book and tax fixed-asset schedules.","5858793000003701096"
"Fixed Asset","Accumulated Depreciation - Appliances, Furniture And Equipment","1590.03","Accumulated Depreciation","Credit","Contra-Asset Posting Account","Keep Active","Balance Sheet / Not Direct Schedule E","Cumulative depreciation recorded against appliances, furniture, and equipment. This account normally carries a credit balance.","5858793000000757091"
"Fixed Asset","Accumulated Depreciation - Land Improvements","1590.04","Accumulated Depreciation","Credit","Contra-Asset Posting Account","Conditional – Land Improvements","Balance Sheet / Not Direct Schedule E","Cumulative book depreciation recorded against depreciable land improvements. Normal balance is credit. Do not depreciate land; maintain detailed book and tax fixed-asset schedules.","NEW"
"Stock","Inventory Asset","1900","","Debit","Zoho System / Do Not Use","Keep Active – System / Zero","Balance Sheet / Not Direct Schedule E","Zoho inventory-control account. GH Real Estate does not ordinarily use inventory accounting; leave at zero and do not record repairs, supplies, or fixed assets here.","5858793000000034001"
"Other Current Asset","Goods In Transit","1910","","Debit","Zoho System / Do Not Use","Keep Active – System / Zero","Balance Sheet / Not Direct Schedule E","Zoho inventory-control account for goods in transit. GH Real Estate does not ordinarily use it; leave at zero.","5858793000001126005"
"Accounts Payable","Accounts Payable","2000","","Credit","Zoho System Control","Keep Active – System / Reconcile","Balance Sheet / Not Direct Schedule E","Zoho control account for approved vendor bills not yet paid. Use bills, vendor credits, and payments rather than manual entries.","5858793000000000373"
"Other Current Liability","Other Current Liabilities","2200","","Credit","Top Parent – Do Not Post","Keep Active – Parent / Do Not Post","Balance Sheet / Not Direct Schedule E","Parent for obligations expected to be settled in the normal operating cycle. Do not post directly.","5858793000003701115"
"Other Current Liability","Due to Member / Reimbursements Payable","2200.01","Other Current Liabilities","Credit","Posting Account","Keep Active","Balance Sheet / Not Direct Schedule E","Documented GH Real Estate expenses paid personally by the member and owed back by the business. Do not net against Due from Member; reconcile supporting receipts and reimbursements monthly.","5858793000003701119"
"Other Current Liability","Accrued Expenses Payable","2200.02","Other Current Liabilities","Credit","Posting Account","Keep Active","Balance Sheet / Not Direct Schedule E","Material expenses incurred but not yet billed or paid under accrual-basis reporting.","5858793000003701123"
"Other Current Liability","Tenant Deposits Held – Zoho Retainer Control","2200.03","Other Current Liabilities","Credit","Retainer Liability Control / Reconcile","Keep Active","Balance Sheet / Not Direct Schedule E","Single Zoho Retainer Invoice liability for refundable holding, security, and pet deposits. Credit when received; debit when refunded or validly applied. Track tenant, unit, lease, and deposit type in required Retainer custom fields and the deposit subledger.","5858793000000756005"
"Other Current Liability","Current Portion of Mortgage Payable – 9401 Nieman Road","2200.07","Other Current Liabilities","Credit","Posting / Year-End Reclass","Conditional – GAAP Classification","Balance Sheet / Not Direct Schedule E","Mortgage principal contractually due within 12 months after the balance-sheet date. Reclassify from 2800.01 at each GAAP reporting date; this is a liability reclassification, not an expense. Normal balance is credit.","NEW"
"Other Liability","Accrued Expenses And Dimension Adjustments","2250","","Normally Zero / Mixed","Zoho System / Technical","Keep Active – System / Zero","Balance Sheet / Not Direct Schedule E","Zoho technical account for dimension and reporting-tag adjustments. Keep standalone and ordinarily at zero; use Accrued Expenses Payable 2200.02 for genuine current accruals and investigate any balance here.","5858793000000045001"
"Other Current Liability","Employee Reimbursements Payable – Zoho System","2251","","Credit","Zoho System / Conditional","Keep Active – Locked / Zero","Balance Sheet / Not Direct Schedule E","Zoho system account for approved employee expense reimbursements. GH currently has no employees; leave at zero. Member-paid GH costs belong in Due to Member / Reimbursements Payable 2200.01.","5858793000000035003"
"Other Current Liability","Current Portion of Other Third-Party Loans Payable","2320","","Credit","Posting Account","Keep Active","Balance Sheet / Not Direct Schedule E","Principal on non-mortgage third-party loans due within 12 months of the balance-sheet date. Excludes trade payables, credit cards, tenant deposits, taxes, and the current mortgage portion recorded in 2200.07.","5858793000002691147"
"Other Current Liability","Opening Balance Adjustments","2400","","Normally Zero / Mixed","Zoho System / Migration","Keep Active – System / Zero","Balance Sheet / Not Direct Schedule E","Zoho migration-control account. Investigate and clear the balance after opening balances are fully entered and reconciled; do not use for ordinary transactions.","5858793000000003001"
"Other Current Liability","Tax Payable","2500","","Credit","Zoho System Control","Keep Active – System / Reconcile","Balance Sheet / Not Direct Schedule E","Zoho control account for taxes collected or incurred and owed to a taxing authority. Do not use for property-tax expense.","5858793000000000376"
"Other Current Liability","Unearned Rent Revenue","2600","","Credit","Zoho System / Book-Tax Control","Keep Active – Book-Tax / Reconcile","Balance Sheet / Not Direct Schedule E","Zoho standalone book-basis liability for rent received before the rental period is earned. Normal balance is credit. Federal tax generally includes advance rent when received, so provide the year-end balance to the tax preparer for a book-tax adjustment. Do not use for refundable deposits.","5858793000000005001"
"Other Current Liability","Vendor Credits / Overpayments – Zoho System","2700","","Credit","Zoho System Control","Keep Active – System / Reconcile","Balance Sheet / Not Direct Schedule E","Zoho vendor-credit control. Use Vendor Credit workflows to reverse the original expense or asset and reduce A/P. Do not post tenant deposits here. Recoverable vendor advances or cash refunds belong in 1300.02. Reconcile unapplied balances to vendor detail.","5858793000000672135"
"Non Current Liability","Long-Term Liabilities","2800","","Credit","Top Parent – Do Not Post","Keep Active – Parent / Do Not Post","Balance Sheet / Not Direct Schedule E","Parent for mortgage and other debt principal. Do not post directly.","5858793000003701177"
"Non Current Liability","Mortgage Payable - 9401 Nieman Road","2800.01","Long-Term Liabilities","Credit","Posting Account","Keep Active","Balance Sheet / Not Direct Schedule E","Long-term portion of mortgage principal due more than 12 months after the balance-sheet date. Reduce for principal payments and reclassify the next 12 months of principal to 2200.07 at each GAAP reporting date.","5858793000003701183"
"Non Current Liability","Loan Payable To Member","2800.02","Long-Term Liabilities","Credit","Posting Account","Keep Active","Balance Sheet / Not Direct Schedule E","Bona fide member loans supported by repayment terms. Excludes permanent capital contributions.","5858793000003701187"
"Non Current Liability","Related-Party Loans Payable","2800.03","Long-Term Liabilities","Credit","Posting Account","Keep Active","Balance Sheet / Not Direct Schedule E","Documented loans owed to related parties other than the member.","5858793000001571805"
"Non Current Liability","Other Loans Payable – Long-Term Portion","2800.04","Long-Term Liabilities","Credit","Posting Account","Keep Active","Balance Sheet / Not Direct Schedule E","Principal on third-party non-mortgage loans due more than 12 months after the balance-sheet date. Reclassify current maturities to 2320 at each reporting date.","5858793000003701195"
"Equity","Member's Equity","3000","","Credit","Top Parent – Do Not Post","Keep Active – Parent / Do Not Post","Balance Sheet / Not Direct Schedule E","Parent for the sole member's ownership interest in GH Real Estate, LLC. Do not post directly when a specific contribution or distribution subaccount applies.","5858793000000000382"
"Equity","Member Capital Contributions","3000.01","Member's Equity","Credit","Posting Account","Keep Active","Balance Sheet / Not Direct Schedule E","Cash or property permanently contributed by the member. Excludes documented loans expected to be repaid.","5858793000001571761"
"Equity","Member Draws / Distributions","3000.02","Member's Equity","Debit","Posting Account","Keep Active","Balance Sheet / Not Direct Schedule E","Cash, property, or personal expenditures distributed to the member. Normal balance is debit. This is not a rental expense and is not deductible on Schedule E.","5858793000000012001"
"Equity","Retained Earnings","3010","","Credit","Zoho System / Equity Control","Keep Active – System Equity Control","Balance Sheet / Not Direct Schedule E","Zoho account for accumulated prior-period earnings. Avoid manual posting except for accountant-approved entries.","5858793000000000379"
"Equity","Opening Balance Offset","3030","","Normally Zero / Mixed","Zoho System / Migration","Keep Active – System / Zero","Balance Sheet / Not Direct Schedule E","Zoho migration account used only to establish opening balances. Reconcile supporting opening entries and clear unexpected residual balances; avoid routine posting.","5858793000000000385"
"Income","Rental Income","4000","","Credit","Top Parent – Do Not Post","Keep Active – Parent / Do Not Post","Schedule E – Rental Income","Schedule E top-level parent for rent, lease-cancellation amounts, tenant fees, reimbursements, and other tenant-derived rental income. Do not post directly; use a defined child account.","5858793000000000388"
"Income","Base Rent","4000.01","Rental Income","Credit","Posting Account","Keep Active","Schedule E – Rental Income","Contractual rent earned for tenant occupancy, excluding separately stated pet rent, storage rent, fees, and reimbursements.","5858793000000522650"
"Income","Housing Assistance Rent","4000.02","Rental Income","Credit","Posting Account","Keep Active","Schedule E – Rental Income","Rent paid by a housing authority or assistance program on behalf of a tenant.","5858793000000524813"
"Income","Pet Rent","4000.03","Rental Income","Credit","Posting Account","Keep Active","Schedule E – Rental Income","Recurring additional rent charged under an approved pet agreement. Excludes refundable pet deposits.","5858793000000110029"
"Income","Storage Rent","4000.04","Rental Income","Credit","Posting Account","Keep Active","Schedule E – Rental Income","Rent earned for tenant use of separately provided storage space.","5858793000000522671"
"Income","Laundry Income","4000.05","Rental Income","Credit","Posting Account","Keep Active","Schedule E – Rental Income","Revenue from tenant use of landlord-owned or landlord-operated laundry facilities.","5858793000000522723"
"Income","Tenant Fee Income","4000.10","Rental Income","Credit","Top Parent – Do Not Post","Keep Active – Parent / Do Not Post","Schedule E – Rental Income","Rental-income subgroup for lease-authorized late fees, returned-payment charges, application charges, payment-fee reimbursements, and termination charges. Do not post directly.","5858793000003706043"
"Income","Late Fee Income","4000.10.01","Tenant Fee Income","Credit","Posting Account","Keep Active","Schedule E – Rental Income","Lease-authorized late fees assessed on delinquent rent.","5858793000000110041"
"Income","Returned Payment Fee Income","4000.10.03","Tenant Fee Income","Credit","Posting Account","Keep Active","Schedule E – Rental Income","Lease-authorized charge for returned ACH or other failed tenant payments.","5858793000000522695"
"Income","Application / Screening Fee Income","4000.10.05","Tenant Fee Income","Credit","Posting Account","Keep Active","Schedule E – Rental Income","Application or screening charges retained by GH Real Estate under disclosed terms. Excludes amounts retained directly by a third-party screening provider.","5858793000000110033"
"Income","Early Termination / Lease Buyout Income","4000.10.06","Tenant Fee Income","Credit","Posting Account","Keep Active","Schedule E – Rental Income","Amounts earned when a tenant pays to terminate or buy out a lease early.","5858793000000522997"
"Income","Online Payment Fee Reimbursements","4000.10.07","Tenant Fee Income","Credit","Posting Account","Keep Active","Schedule E – Rental Income","Tenant reimbursements of payment-processing costs only when permitted by the lease, payment rules, and applicable law. Record the tenant charge as income and the processor fee separately as expense.","5858793000001571096"
"Income","Re-Leasing Advertising Reimbursement","4000.10.08","Tenant Fee Income","Credit","Posting Account","Keep Active","Schedule E – Rental Income","Lease-authorized reimbursement of documented re-leasing advertising actually incurred after an early termination. Charge only when the lease and applicable law permit, with no markup; do not assess as a routine move-in or move-out fee.","5858793000001139003"
"Income","Other Tenant Fee Income","4000.10.09","Tenant Fee Income","Credit","Posting Account","Keep Active","Schedule E – Rental Income","Infrequent lease-authorized tenant fees that do not fit another defined income account.","5858793000000522855"
"Income","Repair And Damage Reimbursements","4000.11","Rental Income","Credit","Posting Account","Keep Active","Schedule E – Rental Income","Tenant payments for chargeable repairs, cleaning, or damage. Record the related cost separately. For retained deposits, coordinate with 4000.13 and avoid duplicate income when applying a deposit to an existing receivable.","5858793000003706101"
"Income","Other Tenant Reimbursements","4000.12","Rental Income","Credit","Posting Account","Keep Active","Schedule E – Rental Income","Tenant reimbursements that do not fit utilities, repairs, damage, or another defined account. Review quarterly and record the underlying cost separately when applicable.","5858793000003706106"
"Income","Deposit Forfeitures And Retained Deposit Income","4000.13","Rental Income","Credit","Posting Account","Keep Active","Schedule E – Rental Income","Amounts from refundable deposits recognized only when legally and finally retained. Do not duplicate income when applying a deposit to an already-recorded receivable. Damage-related tax treatment may depend on whether the related repair is deducted; review at year-end.","5858793000003706109"
"Income","Miscellaneous Rental Income","4000.14","Rental Income","Credit","Posting Account","Keep Active","Schedule E – Rental Income","Infrequent tenant-derived rental income that cannot be classified more accurately. Review quarterly.","5858793000003706826"
"Income","Utility Reimbursements","4000.20","Rental Income","Credit","Posting Account","Conditional – Utility Reimbursements","Schedule E – Rental Income","Tenant reimbursements for landlord-paid water, sewer, electricity, gas, trash, internet, or similar utilities. Record the landlord-paid utility cost separately in the applicable Utilities expense account.","NEW"
"Other Income","Other Income","4400","","Credit","Top Parent – Do Not Post","Keep Active – Parent / Do Not Post","Other Income – Tax Review","Top-level parent for genuine non-rental and non-operating income. Do not post directly.","5858793000000522873"
"Other Income","Bank Interest And Credit Union Dividends","4400.01","Other Income","Credit","Posting Account","Keep Active","Form 1040 Interest / Schedule B as applicable","Interest and dividend-like earnings credited by GH Real Estate bank or credit-union accounts. Generally taxable as interest rather than Schedule E rental income; report on Form 1040/Schedule B as applicable.","5858793000003706117"
"Other Income","Insurance, Settlement And Claim Proceeds","4400.02","Other Income","Credit","Posting / Tax Review","Keep Active","Tax Review – Origin of Claim / Basis / Gain","Tax-review holding account for GH insurance and claim receipts, including business settlements. Treatment follows the origin of the claim and may reduce basis, restore a deducted loss, or create income or gain. Separately stated interest belongs in interest income.","5858793000003706840"
"Other Income","Tenant Late-Payment Interest – Tax Review","4400.03","Other Income","Credit","Posting Account","Conditional – Lease / Tax Review","Tax Review – Schedule E Rental Income vs Schedule B Interest","Separately tracked stated charge on overdue tenant debt. Recognition requires an enforceable signed-lease term and supported calculation. Tax presentation depends on the legal and economic characterization; Schedule E rental income versus Form 1040/Schedule B interest remains a tax-preparer decision.","NEW"
"Other Income","Miscellaneous Other Income","4400.09","Other Income","Credit","Posting Account","Keep Active","Other Income – Tax Review","Infrequent non-rental business income that cannot be accurately classified elsewhere.","5858793000003706127"
"Income","Sales Discounts – Zoho System","4901","","Debit","Zoho System / Contra-Revenue","Keep Active – System / Zero","Zoho System Control – Tax Review if Nonzero","Zoho system contra-revenue account for invoice discounts. Normal balance is debit even though Zoho classifies it as Income. Use only through the invoice discount field and review balances at year-end.","5858793000000000406"
"Income","Shipping Charges – Zoho System","4902","","Credit","Zoho System / Conditional","Keep Active – System / Zero","Zoho System Control – Tax Review if Nonzero","Zoho system account for shipping charges collected on sales transactions. GH Real Estate does not ordinarily sell or ship goods; leave at zero and do not map rental items here.","5858793000000014001"
"Income","Invoice Adjustments – Zoho System","4905","","Normally Zero / Mixed","Zoho System Control","Keep Active – System / Zero","Zoho System Control – Tax Review if Nonzero","Zoho system account for invoice-level adjustments and rounding. Use only through the intended Zoho workflow, review unusual balances, and do not use it as a general suspense account.","5858793000000010001"
"Income","Other Charges","4906","","Credit","Zoho System Control","Keep Active – System / Zero","Zoho System Control – Tax Review if Nonzero","Zoho system account for invoice adjustments and miscellaneous positive charges. Leave standalone and do not use for rent or routine tenant-fee items.","5858793000000522879"
"Income","Refunds – Zoho System Control","4907","","Debit","Zoho System / Contra-Revenue","Keep Active – System / Zero","Zoho System Control – Tax Review if Nonzero","Zoho refund control account. Normal balance is debit when used as contra-revenue. Use only through the intended refund workflow, keep separate from tenant-deposit refunds, and review or clear unexpected balances.","5858793000001593701"
"Income","ZLegacy – Security Deposits Income (Do Not Use)","4930","","Credit","Zoho Locked / Do Not Use","Keep Active – Locked / Zero","Tax Review","Locked legacy deposit-income parent. Keep at zero and remove it from items, automations, and imports. Refundable deposits belong in 2200.03; amounts legally retained belong in 4000.13.","5858793000000000394"
"Income","ZLegacy – Fees Income (Do Not Use)","4991","","Credit","Zoho Locked / Do Not Use","Keep Active – Locked / Zero","Zoho System Control – Tax Review if Nonzero","Legacy or locked fee-income account. Keep at zero and remove it from items, recurring transactions, and automations; use the defined Tenant Fee Income children instead.","5858793000000000391"
"Income","ZZ – Reserved Zoho Income Account (Do Not Use)","4992","","Credit","Zoho Locked / Do Not Use","Keep Active – Locked / Zero","Zoho System Control – Tax Review if Nonzero","Zoho system or reserved account. Keep standalone, unmapped from routine items, and ordinarily at zero. Investigate any posting by Account ID before reclassifying it.","5858793000000000397"
"Cost Of Goods Sold","Cost of Goods Sold – Zoho System (Do Not Use)","5000","","Debit","Zoho System / Do Not Use","Keep Active – Locked / Zero","Zoho System Control – Tax Review if Nonzero","Zoho inventory-costing control. GH Real Estate does not ordinarily use inventory accounting; keep at zero and do not post repairs, supplies, capital assets, or rental operating costs here.","5858793000000034003"
"Expense","Purchase Adjustments","5900","","Normally Zero / Mixed","Zoho System Control","Keep Active – System / Zero","Zoho System Control – Tax Review if Nonzero","Zoho control account for transaction-level purchase adjustments entered on bills or vendor credits. Keep standalone and let Zoho workflows post to it. Vendor credits should otherwise reverse the original expense or asset account. Do not use as a routine rental expense.","5858793000000511198"
"Expense","Advertising","6000","","Debit","Top Parent – Do Not Post","Keep Active – Parent / Do Not Post","Schedule E Line 5 – Advertising","Schedule E Line 5 top-level parent. Do not post directly; use an applicable child account.","5858793000000520105"
"Expense","Online Advertising And Rental Listings","6000.01","Advertising","Debit","Posting Account","Keep Active","Schedule E Line 5 – Advertising","Zillow and other online listing or paid advertising costs used to market available units.","5858793000000520121"
"Expense","Listing Photography And Videography","6000.02","Advertising","Debit","Posting Account","Keep Active","Schedule E Line 5 – Advertising","Professional photography, video, floor plans, and media used to market rental units.","5858793000000520150"
"Expense","Print Marketing And Signage","6000.03","Advertising","Debit","Posting Account","Keep Active","Schedule E Line 5 – Advertising","Flyers, brochures, yard signs, banners, and similar rental-marketing materials.","5858793000000520134"
"Expense","Auto And Travel","6010","","Debit","Top Parent – Do Not Post","Keep Active – Parent / Do Not Post","Schedule E Line 6 – Auto and Travel","Schedule E Line 6 top-level parent for documented rental-business vehicle and travel costs. Do not post directly. Travel primarily to acquire or improve property is capitalized rather than deducted.","5858793000000511508"
"Expense","Business Mileage","6010.01","Auto And Travel","Debit","Posting Account","Keep Active","Schedule E Line 6 – Auto and Travel","Substantiated rental-business mileage using the applicable standard mileage method when eligible. Maintain contemporaneous mileage records and do not also deduct duplicative actual vehicle costs.","5858793000000511602"
"Expense","Parking And Tolls","6010.02","Auto And Travel","Debit","Posting Account","Keep Active","Schedule E Line 6 – Auto and Travel","Parking and toll costs incurred for documented rental-property business travel.","5858793000000520064"
"Expense","Airfare, Lodging, Car Rental and Ground Transportation","6010.03","Auto And Travel","Debit","Posting Account","Keep Active","Schedule E Line 6 – Auto and Travel","Necessary, substantiated rental-business travel away from the normal business area. Exclude personal portions; costs primarily to acquire or improve property are capitalized.","5858793000000032023"
"Expense","Business Travel Meals","6010.04","Auto And Travel","Debit","Posting Account","Keep Active","Schedule E Line 6 – Auto and Travel","Properly substantiated meals during qualifying rental-business travel. Federal deductibility is generally limited to 50%; exclude personal, lavish, or inadequately documented amounts.","5858793000000511610"
"Expense","Cleaning And Maintenance","6020","","Debit","Top Parent – Do Not Post","Keep Active – Parent / Do Not Post","Schedule E Line 7 – Cleaning and Maintenance","Schedule E Line 7 top-level parent. Do not post directly; use an applicable child account.","5858793000000110079"
"Expense","Cleaning And Janitorial Services","6020.01","Cleaning And Maintenance","Debit","Posting Account","Keep Active","Schedule E Line 7 – Cleaning and Maintenance","Routine common-area and occupied-unit cleaning services.","5858793000000520199"
"Expense","Vacancy Turnover Cleaning","6020.02","Cleaning And Maintenance","Debit","Posting Account","Keep Active","Schedule E Line 7 – Cleaning and Maintenance","Ordinary deep cleaning between tenant move-out and move-in. Excludes restoration or capital improvement work.","5858793000000520872"
"Expense","Landscaping And Lawn Care","6020.03","Cleaning And Maintenance","Debit","Posting Account","Keep Active","Schedule E Line 7 – Cleaning and Maintenance","Routine mowing, trimming, leaf removal, mulching, and ordinary grounds care.","5858793000000511955"
"Expense","Snow And Ice Removal","6020.04","Cleaning And Maintenance","Debit","Posting Account","Keep Active","Schedule E Line 7 – Cleaning and Maintenance","Plowing, shoveling, salting, and similar winter-property maintenance.","5858793000000511947"
"Expense","Pest Control","6020.05","Cleaning And Maintenance","Debit","Posting Account","Keep Active","Schedule E Line 7 – Cleaning and Maintenance","Routine extermination and pest-prevention services.","5858793000000520186"
"Expense","Preventive HVAC Maintenance","6020.06","Cleaning And Maintenance","Debit","Posting Account","Keep Active","Schedule E Line 7 – Cleaning and Maintenance","Routine HVAC servicing, inspections, filter changes, and preventive care. Excludes repairs and replacements.","5858793000000520207"
"Expense","Gutter, Drainage And Exterior Maintenance","6020.07","Cleaning And Maintenance","Debit","Posting Account","Keep Active","Schedule E Line 7 – Cleaning and Maintenance","Routine gutter cleaning, drainage upkeep, window cleaning, staining, sealing, and similar non-repair maintenance.","5858793000000520252"
"Expense","Laundry Equipment Maintenance","6020.08","Cleaning And Maintenance","Debit","Posting Account","Keep Active","Schedule E Line 7 – Cleaning and Maintenance","Routine servicing and preventive maintenance of shared or in-unit laundry equipment.","5858793000000520223"
"Expense","Fire And Life-Safety Maintenance","6020.09","Cleaning And Maintenance","Debit","Posting Account","Keep Active","Schedule E Line 7 – Cleaning and Maintenance","Routine extinguisher inspections, alarm servicing, and other recurring safety-maintenance costs.","5858793000000524420"
"Expense","Commissions","6030","","Debit","Top Parent – Do Not Post","Keep Active – Parent / Do Not Post","Schedule E Line 8 – Commissions","Schedule E Line 8 top-level parent. Do not post directly; use an applicable child account.","5858793000003706266"
"Expense","Leasing Commissions","6030.01","Commissions","Debit","Posting Account","Keep Active – Scope Review","Book / Tax Review – Expense vs Deferred Leasing Cost","Third-party commissions for procuring or renewing tenants. Expense only when the applicable book and tax models permit current recognition; qualifying incremental lease-acquisition costs may require deferral to 1600 and amortization through conditional 6030.03.","5858793000003706270"
"Expense","Tenant Referral And Placement Fees","6030.02","Commissions","Debit","Posting Account","Keep Active – Scope Review","Book / Tax Review – Expense vs Deferred Leasing Cost","Referral or tenant-placement fees paid to outside parties for a completed tenancy. Determine whether the fee qualifies as an incremental lease-acquisition cost requiring deferral; if so, use conditional 1600 and 6030.03.","5858793000003706274"
"Expense","Insurance","6040","","Debit","Top Parent – Do Not Post","Keep Active – Parent / Do Not Post","Schedule E Line 9 – Insurance","Schedule E Line 9 top-level parent. Do not post directly; use an applicable child account.","5858793000000510969"
"Expense","Property And Hazard Insurance","6040.01","Insurance","Debit","Posting Account","Keep Active","Schedule E Line 9 – Insurance","Premiums for property, casualty, and hazard coverage on rental property.","5858793000000832025"
"Expense","Liability And Umbrella Insurance","6040.02","Insurance","Debit","Posting Account","Keep Active","Schedule E Line 9 – Insurance","Premiums for general liability and umbrella coverage related to rental operations.","5858793000000520377"
"Expense","Rent Loss Insurance","6040.03","Insurance","Debit","Posting Account","Keep Active","Schedule E Line 9 – Insurance","Premiums for coverage of qualifying lost rental income following a covered event.","5858793000000520409"
"Expense","Mortgage Insurance","6040.04","Insurance","Debit","Posting Account","Keep Active","Schedule E Line 9 – Insurance","Mortgage insurance premiums separately charged in connection with rental-property financing.","5858793000000832013"
"Expense","Legal And Professional Fees","6050","","Debit","Top Parent – Do Not Post","Keep Active – Parent / Do Not Post","Schedule E Line 10 – Legal and Professional","Schedule E Line 10 top-level parent. Do not post directly; use an applicable child account.","5858793000000110103"
"Expense","Legal Fees","6050.01","Legal And Professional Fees","Debit","Posting Account","Keep Active","Schedule E Line 10 – Legal and Professional","Attorney and court-related costs for leases, collections, evictions, compliance, and rental disputes. Capitalize legal costs allocable to acquisition, title defense, or a capital improvement instead of expensing them here.","5858793000000520425"
"Expense","Accounting And Tax Preparation Fees","6050.02","Legal And Professional Fees","Debit","Posting Account","Keep Active","Schedule E Line 10 – Legal and Professional","CPA, tax-preparation, and financial-reporting services allocable to rental activity.","5858793000000520433"
"Expense","Bookkeeping Services","6050.03","Legal And Professional Fees","Debit","Posting Account","Keep Active","Schedule E Line 10 – Legal and Professional","Day-to-day bookkeeping, reconciliation, and accounting support services.","5858793000000520457"
"Expense","Consulting And Other Professional Fees","6050.04","Legal And Professional Fees","Debit","Posting Account","Keep Active","Schedule E Line 10 – Legal and Professional","Professional services that do not fit legal, accounting, bookkeeping, management, or capital-project costs.","5858793000000520441"
"Expense","Management Fees","6060","","Debit","Top Parent – Do Not Post","Keep Active – Parent / Do Not Post","Schedule E Line 11 – Management Fees","Schedule E Line 11 top-level parent. Do not post directly; use an applicable child account.","5858793000000110109"
"Expense","Property Management Fees","6060.01","Management Fees","Debit","Posting Account","Keep Active","Schedule E Line 11 – Management Fees","Fees paid to an outside property manager for routine operation, tenant administration, and oversight.","5858793000000520465"
"Expense","Mortgage Interest Paid To Banks","6070","","Debit","Top Parent – Do Not Post","Keep Active – Parent / Do Not Post","Schedule E Line 12 – Mortgage Interest","Schedule E Line 12 top-level parent. Do not post directly; use an applicable child account.","5858793000000511623"
"Expense","Mortgage Interest - 9401 Nieman Road","6070.01","Mortgage Interest Paid To Banks","Debit","Posting Account","Keep Active","Schedule E Line 12 – Mortgage Interest","Interest portion of mortgage payments for 9401 Nieman Road, reconciled to lender records and Form 1098 when applicable. Excludes principal, escrow funding, and non-interest late charges.","5858793000000511644"
"Expense","Other Interest","6080","","Debit","Top Parent – Do Not Post","Keep Active – Parent / Do Not Post","Schedule E Line 13 – Other Interest","Schedule E Line 13 top-level parent. Do not post directly; use an applicable child account.","5858793000000511862"
"Expense","Credit Card Interest","6080.01","Other Interest","Debit","Posting Account","Keep Active","Schedule E Line 13 – Other Interest","Finance charges on a GH Real Estate credit-card balance.","5858793000000520494"
"Expense","Other Loan Interest","6080.02","Other Interest","Debit","Posting Account","Keep Active","Schedule E Line 13 – Other Interest","Interest on member, related-party, line-of-credit, or other non-mortgage business debt.","5858793000000520502"
"Expense","Repairs","6090","","Debit","Top Parent – Do Not Post","Keep Active – Parent / Do Not Post","Schedule E Line 14 – Repairs","Schedule E Line 14 top-level parent. Ordinary repair costs that keep the property in its normally efficient condition. Capitalize betterments, restorations, adaptations, and entire-system replacements instead of expensing them here. Do not post directly.","5858793000000110157"
"Expense","Appliance Repairs","6090.01","Repairs","Debit","Posting Account","Keep Active","Schedule E Line 14 – Repairs","Repairs to refrigerators, ranges, dishwashers, and other appliances. Capital replacements require review.","5858793000000520553"
"Expense","HVAC And Furnace Repairs","6090.02","Repairs","Debit","Posting Account","Keep Active","Schedule E Line 14 – Repairs","Repairs to furnaces, air conditioners, ductwork, thermostats, and related HVAC components.","5858793000000520664"
"Expense","Plumbing Repairs","6090.03","Repairs","Debit","Posting Account","Keep Active","Schedule E Line 14 – Repairs","Repairs to pipes, drains, faucets, toilets, valves, supply lines, and related plumbing.","5858793000000520537"
"Expense","Electrical Repairs","6090.04","Repairs","Debit","Posting Account","Keep Active","Schedule E Line 14 – Repairs","Repairs to outlets, switches, fixtures, wiring, panels, and other electrical components.","5858793000000520545"
"Expense","Roofing, Siding And Exterior Repairs","6090.05","Repairs","Debit","Posting Account","Keep Active","Schedule E Line 14 – Repairs","Ordinary repairs to roofing, flashing, siding, windows, and exterior components. Ordinary repair costs that keep the property in its normally efficient condition. Capitalize betterments, restorations, adaptations, and entire-system replacements instead of expensing them here.","5858793000000520648"
"Expense","Deck, Fence, Railing And Parking Repairs","6090.06","Repairs","Debit","Posting Account","Keep Active","Schedule E Line 14 – Repairs","Ordinary repairs to decks, fencing, railings, walkways, and parking surfaces. Ordinary repair costs that keep the property in its normally efficient condition. Capitalize betterments, restorations, adaptations, and entire-system replacements instead of expensing them here.","5858793000000520616"
"Expense","Structural Repairs","6090.07","Repairs","Debit","Posting Account","Keep Active","Schedule E Line 14 – Repairs","Ordinary repairs to framing, foundations, walls, or structural components. Ordinary repair costs that keep the property in its normally efficient condition. Capitalize betterments, restorations, adaptations, and entire-system replacements instead of expensing them here.","5858793000000520640"
"Expense","Laundry Equipment Repairs","6090.08","Repairs","Debit","Posting Account","Keep Active","Schedule E Line 14 – Repairs","Corrective repairs to shared or in-unit washers and dryers.","5858793000000520849"
"Expense","General Repairs","6090.09","Repairs","Debit","Posting Account","Keep Active","Schedule E Line 14 – Repairs","Ordinary repairs that cannot reasonably be assigned to another repair category. Excludes improvements requiring capitalization.","5858793000000520561"
"Expense","Supplies","6100","","Debit","Top Parent – Do Not Post","Keep Active – Parent / Do Not Post","Schedule E Line 15 – Supplies","Schedule E Line 15 top-level parent. Do not post directly; use an applicable child account.","5858793000000110171"
"Expense","Cleaning Supplies","6100.01","Supplies","Debit","Posting Account","Keep Active","Schedule E Line 15 – Supplies","Consumable cleaners, disinfectants, gloves, paper products, and janitorial supplies.","5858793000000520780"
"Expense","Maintenance Supplies And Consumables","6100.02","Supplies","Debit","Posting Account","Keep Active","Schedule E Line 15 – Supplies","Consumable maintenance items such as HVAC filters, bulbs, caulk, fasteners, patch materials, small replacement parts, tape, and similar supplies. Excludes janitorial supplies and capital equipment.","5858793000000520788"
"Expense","Small Tools And Hardware","6100.03","Supplies","Debit","Posting Account","Keep Active","Schedule E Line 15 – Supplies","Low-cost tools and hardware expensed under GH's consistently applied capitalization policy. For federal tax, the $2,500 de minimis safe harbor requires an annual election and consistent book treatment; otherwise capitalize when required.","5858793000003706477"
"Expense","Office And Administrative Supplies","6100.04","Supplies","Debit","Posting Account","Keep Active","Schedule E Line 15 – Supplies","Paper, toner, envelopes, keys, labels, and other consumable administrative supplies.","5858793000000520772"
"Expense","Taxes","6110","","Debit","Top Parent – Do Not Post","Keep Active – Parent / Do Not Post","Schedule E Line 16 – Taxes","Schedule E Line 16 top-level parent. Do not post directly; use an applicable child account.","5858793000000511041"
"Expense","Property Taxes - 9401 Nieman Road","6110.01","Taxes","Debit","Posting Account","Keep Active","Schedule E Line 16 – Taxes","Real-estate taxes assessed on 9401 Nieman Road, including amounts paid by the mortgage servicer from escrow.","5858793000000832019"
"Expense","State And Local Business Taxes","6110.02","Taxes","Debit","Posting Account","Keep Active","Schedule E Line 16 – Taxes","Deductible state or local business taxes other than property tax. Excludes owner income taxes and government penalties.","5858793000000520820"
"Expense","Utilities","6120","","Debit","Top Parent – Do Not Post","Keep Active – Parent / Do Not Post","Schedule E Line 17 – Utilities","Schedule E Line 17 top-level parent. Do not post directly; use an applicable child account.","5858793000003706524"
"Expense","Electricity","6120.01","Utilities","Debit","Posting Account","Keep Active","Schedule E Line 17 – Utilities","Electricity paid for rental units, common areas, exterior lighting, or other rental-property use.","5858793000000511902"
"Expense","Natural Gas","6120.02","Utilities","Debit","Posting Account","Keep Active","Schedule E Line 17 – Utilities","Natural-gas or propane utility charges paid for rental-property use.","5858793000000511878"
"Expense","Water","6120.03","Utilities","Debit","Posting Account","Keep Active","Schedule E Line 17 – Utilities","Potable-water charges paid by the landlord.","5858793000000511870"
"Expense","Sewer And Stormwater","6120.04","Utilities","Debit","Posting Account","Keep Active","Schedule E Line 17 – Utilities","Wastewater, sewer, and stormwater utility charges paid by the landlord.","5858793000000511886"
"Expense","Trash And Recycling","6120.05","Utilities","Debit","Posting Account","Keep Active","Schedule E Line 17 – Utilities","Refuse, dumpster, recycling, and similar collection services.","5858793000003706558"
"Expense","Internet And Cable","6120.06","Utilities","Debit","Posting Account","Keep Active","Schedule E Line 17 – Utilities","Internet, cable, or television service provided for rental operations or tenant amenities.","5858793000000511894"
"Expense","Business Telephone And Mobile Service","6120.07","Utilities","Debit","Posting Account","Keep Active","Schedule E Line 17 – Utilities","Monthly cellular, VoIP, and telephone service used for GH Real Estate rental operations, including tenant, vendor, emergency, and property-management communications. Allocate and exclude any personal-use portion. Excludes separately purchased phone hardware, which is recorded as supplies or equipment as appropriate.","5858793000000511910"
"Expense","Depreciation Expense","6130","","Debit","Top Parent – Do Not Post","Keep Active – Parent / Do Not Post","Schedule E Line 18 – Depreciation","Schedule E Line 18 top-level parent. Do not post directly; use an applicable child account.","5858793000000520311"
"Expense","Building Depreciation - 9401 Nieman Road","6130.01","Depreciation Expense","Debit","Posting Account","Keep Active","Book Depreciation; Tax Schedule Maps Allowable Amount to Schedule E Line 18","Periodic book depreciation of the building basis for 9401 Nieman Road. Maintain a separate tax fixed-asset schedule; do not assume the Zoho book amount equals the allowable Schedule E depreciation deduction.","5858793000000520324"
"Expense","Building Improvement Depreciation","6130.02","Depreciation Expense","Debit","Posting Account","Keep Active","Book Depreciation; Tax Schedule Maps Allowable Amount to Schedule E Line 18","Periodic book depreciation of separately capitalized building improvements. Maintain separate book and tax lives and methods; land improvements use conditional 6130.04 and land or CIP is never depreciated.","5858793000003706570"
"Expense","Appliance, Furniture And Equipment Depreciation","6130.03","Depreciation Expense","Debit","Posting Account","Keep Active","Book Depreciation; Tax Schedule Maps Allowable Amount to Schedule E Line 18","Periodic book depreciation of capitalized appliances, furniture, and equipment. Maintain a separate tax fixed-asset schedule; do not assume the Zoho book amount equals the allowable Schedule E depreciation deduction.","5858793000000520332"
"Expense","Land Improvement Depreciation","6130.04","Depreciation Expense","Debit","Posting Account","Conditional – Land Improvements","Book Depreciation; Tax Schedule Maps Allowable Amount to Schedule E Line 18","Periodic book depreciation of separately capitalized depreciable land improvements. Activate only when placed-in-service basis exists; maintain separate book and tax lives and never depreciate land or construction in progress.","NEW"
"Expense","ZZ – Reserved Zoho Expense 01 (Do Not Use)","6981","","Debit","Zoho Locked / Do Not Use","Keep Active – Locked / Zero","Zoho System Control – Tax Review if Nonzero","Zoho system or reserved account. Keep standalone, unmapped from routine items, and ordinarily at zero. Investigate any posting by Account ID before reclassifying it.","5858793000000000439"
"Expense","ZZ – Reserved Zoho Expense 02 (Do Not Use)","6982","","Debit","Zoho Locked / Do Not Use","Keep Active – Locked / Zero","Zoho System Control – Tax Review if Nonzero","Zoho system or reserved account. Keep standalone, unmapped from routine items, and ordinarily at zero. Investigate any posting by Account ID before reclassifying it.","5858793000000035005"
"Expense","ZZ – Reserved Zoho Expense 03 (Do Not Use)","6983","","Debit","Zoho Locked / Do Not Use","Keep Active – Locked / Zero","Zoho System Control – Tax Review if Nonzero","Zoho system or reserved account. Keep standalone, unmapped from routine items, and ordinarily at zero. Investigate any posting by Account ID before reclassifying it.","5858793000000000460"
"Expense","ZZ – Reserved Zoho Expense 04 (Do Not Use)","6984","","Debit","Zoho Locked / Do Not Use","Keep Active – Locked / Zero","Zoho System Control – Tax Review if Nonzero","Zoho system or reserved account. Keep standalone, unmapped from routine items, and ordinarily at zero. Investigate any posting by Account ID before reclassifying it.","5858793000000072001"
"Expense","Other Expenses","6990","","Debit","Top Parent – Do Not Post","Keep Active – Parent / Do Not Post","Schedule E Line 19 – Other Rental Expenses","Schedule E Line 19 top-level parent for ordinary and necessary rental costs not listed on lines 5–18. Use defined children, do not post directly, and exclude nondeductible government fines and capital expenditures.","5858793000000520893"
"Expense","HOA Assessments and Charges","6990.01","Other Expenses","Debit","Top Parent – Do Not Post","Keep Active – Parent / Do Not Post","Schedule E Line 19 – Other Rental Expenses","Schedule E Line 19 subgroup for regular HOA assessments and private-association late charges. Do not post directly. Capital or special assessments that improve the property require capitalization review.","5858793000003706669"
"Expense","Regular HOA Assessments","6990.01.01","HOA Assessments and Charges","Debit","Posting Account","Keep Active","Schedule E Line 19 – Other Rental Expenses","Regular HOA assessments for the rental property. Capital special assessments require separate review.","5858793000001553128"
"Expense","HOA Late Fees And Penalties","6990.01.02","HOA Assessments and Charges","Debit","Posting Account","Keep Active","Schedule E Line 19 – Other Rental Expenses","Late charges imposed by the HOA. Keep separate from regular assessments for management review.","5858793000001553120"
"Expense","Licenses, Permits And Registration Fees","6990.03","Other Expenses","Debit","Posting Account","Keep Active","Schedule E Line 19 – Other Rental Expenses","Rental registrations, occupancy permits, municipal licenses, and ordinary filing fees. Capital-project permits may require capitalization.","5858793000000520449"
"Expense","Software And Subscriptions","6990.04","Other Expenses","Debit","Posting Account","Keep Active","Schedule E Line 19 – Other Rental Expenses","Zoho and other software, cloud-storage, workflow, and property-management subscriptions used by GH Real Estate.","5858793000000520035"
"Expense","Bank and Payment Processing Fees","6990.05","Other Expenses","Debit","Top Parent – Do Not Post","Keep Active – Parent / Do Not Post","Schedule E Line 19 – Other Rental Expenses","Schedule E Line 19 subgroup for ordinary bank, ACH, card, and payment-processor charges. Do not post directly; use an applicable child. Record tenant reimbursements separately as income and reconcile processor clearing gross.","5858793000003706705"
"Expense","Bank Fees","6990.05.01","Bank and Payment Processing Fees","Debit","Posting Account","Keep Active","Schedule E Line 19 – Other Rental Expenses","Monthly bank charges, check fees, wire fees, and similar banking costs.","5858793000000521213"
"Expense","Zoho Payments And ACH Processing Fees","6990.05.02","Bank and Payment Processing Fees","Debit","Posting Account","Keep Active","Schedule E Line 19 – Other Rental Expenses","Transaction fees charged by Zoho Payments or its ACH provider.","5858793000000207007"
"Expense","Other Payment Processor Fees","6990.05.03","Bank and Payment Processing Fees","Debit","Posting Account","Keep Active","Schedule E Line 19 – Other Rental Expenses","Fees charged by another active payment processor. Leave unused if GH Real Estate uses only Zoho Payments.","5858793000000096207"
"Expense","Postage And Delivery","6990.09","Other Expenses","Debit","Posting Account","Keep Active","Schedule E Line 19 – Other Rental Expenses","Postage, certified mail, courier, and document-delivery costs for rental operations.","5858793000003706620"
"Expense","Tenant Screening And Application Costs","6990.10","Other Expenses","Debit","Posting Account","Keep Active","Schedule E Line 19 – Other Rental Expenses","Third-party screening or application costs paid by GH Real Estate and not retained directly from an applicant.","5858793000003706624"
"Expense","Tenant Welcome Supplies","6990.11","Other Expenses","Debit","Posting Account","Keep Active","Schedule E Line 19 – Other Rental Expenses","Reasonable non-gift welcome or turnover supplies provided to tenants for rental operations. Record true business gifts separately in 6990.16 so the federal per-recipient limitation can be reviewed.","5858793000003706628"
"Expense","Education and Professional Dues","6990.12","Other Expenses","Debit","Posting Account","Keep Active","Schedule E Line 19 – Other Rental Expenses","Rental-business education, publications, continuing education, and relevant professional association dues that maintain or improve skills used in the existing rental activity. Excludes education qualifying the owner for a new trade or business.","5858793000000511918"
"Expense","Bad Debt Expense – Accrual Basis Only","6990.13","Other Expenses","Debit","Posting Account","Conditional – Collectibility Scope Review","Book / Tax Review – Do Not Auto-Map to Schedule E","Use only after a CPA determines that an expense-recognition model applies to a previously recognized nonlease or other receivable. For residential operating-lease collectibility, the applicable ASC 842 model generally adjusts lease income instead; cash-basis rent never recognized generally does not create a tax bad-debt deduction.","5858793000000511829"
"Expense","Mortgage And Loan Late Fees","6990.14","Other Expenses","Debit","Posting Account","Keep Active","Schedule E Line 19 – Other Rental Expenses","Lender late charges and non-interest finance penalties. Excludes mortgage interest and principal.","5858793000000511934"
"Expense","Business Gifts – Tax Limited","6990.16","Other Expenses","Debit","Posting Account","Conditional – Business Gifts","Schedule E Line 19 – Other Rental Expenses","Documented business gifts connected to the rental activity. Federal deduction is generally limited to $25 per recipient per year unless an exception applies; track recipient, date, business purpose, and amount.","NEW"
"Expense","Miscellaneous Rental Expense","6990.99","Other Expenses","Debit","Posting Account","Keep Active","Schedule E Line 19 – Other Rental Expenses","Infrequent ordinary rental costs that genuinely do not fit another account. Review quarterly.","5858793000003706721"
"Expense","Non-Deductible Expenses – Tax Adjustment","7990","","Normally Zero / Mixed","Top Parent – Do Not Post","Create Now – Required","Book Expense – Exclude / Tax Addback Review","Top-level book-expense parent for costs excluded from Schedule E and requiring tax adjustment. Do not post directly; use a defined child and provide balances to the tax preparer.","NEW"
"Expense","Non-Deductible Government Fines and Penalties","7990.01","Non-Deductible Expenses – Tax Adjustment","Debit","Posting / Tax Addback","Keep Active","Book Expense – Exclude / Tax Addback Review","Government-imposed fines and penalties recorded for book purposes but generally excluded from federal deduction under IRC 162(f), subject to narrow exceptions. Keep outside the Schedule E Line 19 rollup and provide to the tax preparer for review.","5858793000003706717"
"Expense","Exchange Gain Or Loss","8000","","Normally Zero / Mixed","Zoho System / Net Gain-Loss","Keep Active – System / Zero","Zoho System Control – Tax Review if Nonzero","Zoho system account for realized or transaction exchange-rate gains and losses. Credit balances represent gains and debit balances represent losses. Keep one combined standalone account and let Zoho post exchange adjustments automatically.","5858793000000000409"
"Other Expense","ZZ – Reserved Zoho Other Expense (Do Not Use)","8099","","Debit","Zoho Locked / Do Not Use","Keep Active – Locked / Zero","Zoho System Control – Tax Review if Nonzero","Zoho system or reserved account. Keep standalone, unmapped from routine items, and ordinarily at zero. Investigate any posting by Account ID before reclassifying it.","5858793000000000415"
