audit_order,display_label,api_name,module_status,generated_type,fields_result,field_count,fields_detail,layouts_result,layout_count,layouts_detail
1,Leads,Leads,visible,default,success,82,,success,1,
2,Invoices,CustomModule5001,visible,default,success,36,,response_truncated,,RESPONSE_TRUNCATED
3,Rental Applications,Deals,visible,default,success,52,,success,1,
4,Contacts,Contacts,visible,default,success,131,,success,1,
5,Properties,Accounts,visible,default,success,114,,success,1,
6,Units,Units,visible,custom,success,47,,success,1,
7,Leases,Leases,visible,custom,success,67,,success,1,
8,Maintenance Requests,Cases,visible,default,success,43,,success,1,
9,Tasks,Tasks,visible,default,success,23,,success,1,
10,Meetings,Events,visible,default,success,38,,success,1,
11,Calls,Calls,visible,default,success,27,,success,1,
12,Vendors,Vendors,visible,default,success,81,,success,1,
13,Property Assets,Equipment,visible,custom,success,106,,success,1,
14,Inspections,Inspections,visible,custom,success,35,,success,1,
15,Pets,Pets,visible,custom,success,44,,success,1,
16,Vehicles,Tenant_Vehicles,visible,custom,success,29,,success,1,
17,Amenities,Amenities,visible,custom,success,17,,response_truncated,,RESPONSE_TRUNCATED
18,Storage Units,Storage_Units,visible,custom,success,39,,success,1,
19,Campaigns,Campaigns,user_hidden,default,rejected,,NO_PERMISSION,rejected,,NO_PERMISSION
20,Purchase Orders,Purchase_Orders,user_hidden,default,rejected,,NO_PERMISSION,rejected,,NO_PERMISSION
21,Stage History,DealHistory,system_hidden,field_tracker,success,12,,success,1,
22,Zoho Books Items,Products,visible,default,success,34,,success,1,
23,EmailSentiment,Email_Sentiment,visible,default,success,8,,rejected,,EMPTY_RESPONSE
24,Email Analytics,Email_Analytics,visible,default,success,24,,rejected,,EMPTY_RESPONSE
25,Email Template Analytics,Email_Template_Analytics,visible,default,success,14,,rejected,,EMPTY_RESPONSE
26,Contracts,zohocontracts__Contracts,visible,custom,success,34,,response_truncated,,RESPONSE_TRUNCATED
27,Service History,Service_History,visible,subform,success,11,,success,1,
28,Utilities,Utilities,visible,custom,success,25,,success,1,
29,Warranty Information,Warranty,visible,subform,success,11,,success,1,
30,Current Tenants,Tenants,visible,subform,success,8,,success,1,
31,Tenant Pets,Tenant_Pets,visible,subform,success,8,,success,1,
32,Invoiced Items,Invoiced_Items,visible,subform,success,15,,response_truncated,,RESPONSE_TRUNCATED
33,Price Books,Price_Books,user_hidden,default,rejected,,NO_PERMISSION,rejected,,NO_PERMISSION
34,Notes,Notes,system_hidden,default,success,11,,success,1,
35,Invoices,Invoices,visible,default,success,45,,success,1,
36,Visits,Visits,user_hidden,default,rejected,,NO_PERMISSION,rejected,,NO_PERMISSION
37,Quotes,Quotes,user_hidden,default,rejected,,NO_PERMISSION,rejected,,NO_PERMISSION
38,Attachments,Attachments,system_hidden,default,success,10,,success,1,
39,Sales Orders,Sales_Orders,user_hidden,default,rejected,,NO_PERMISSION,rejected,,NO_PERMISSION
40,Solutions,Solutions,user_hidden,default,rejected,,NO_PERMISSION,rejected,,NO_PERMISSION
41,Actions Performed,Actions_Performed,system_hidden,default,success,7,,success,1,
42,My Jobs,Approvals,visible,default,rejected,,EMPTY_RESPONSE,rejected,,EMPTY_RESPONSE
43,Condition Reports,Condition_Reports,visible,custom,success,29,,success,1,
44,Locking Information,Locking_Information__s,visible,default,success,9,,rejected,,EMPTY_RESPONSE
45,Functions,Functions__s,visible,default,success,27,,rejected,,EMPTY_RESPONSE
46,QR Code,File_Upload_1__s,visible,default,success,10,,rejected,,NOT_SUPPORTED
47,Quote,File_Upload_2__s,visible,default,success,10,,rejected,,NOT_SUPPORTED
48,Receipt,File_Upload_7__s,visible,default,success,10,,rejected,,NOT_SUPPORTED
49,Rating Plate Photo,Image_Upload_5__s,visible,default,success,14,,rejected,,NOT_SUPPORTED
50,Zillow Intake Status History,Zillow_Intake_Status_History,user_hidden,field_tracker,success,8,,success,1,
51,Lease Status history,Lease_Status_history,user_hidden,field_tracker,success,8,,success,1,
