"Account Type","Account Name","Account Code","Parent Account","Normal Balance","Account Role","Live Zoho Status","Recommended Zoho Status","Tax / Reporting Mapping","Description","Existing Account ID"
"Income","Adjustments","4903","","Credit","Zoho System / Verify Workflow","Active","Keep Active – System / Review","System / Tax Mapping Review","Zoho adjustment control. Use only through the verified Zoho transaction workflow; do not use as a manual suspense, reconciliation plug, or substitute for correcting the source transaction. Review and clear unexpected balances.","PUBLIC-ACCT-0021"
"Cash","Undeposited Funds","1100","","Debit / Temporary","Zoho System / Clearing","Active","Keep Active – System / Reconcile","Balance Sheet / Not Direct Schedule E","Temporary control for cash or checks received but not yet deposited. Reconcile to deposit records and clear promptly; normal balance is debit while unsettled.","PUBLIC-ACCT-0001"
"Cash","Petty Cash","1110","","Debit","Cash / Reconcile","Active","Keep Active","Balance Sheet / Not Direct Schedule E","Physical petty-cash fund used only for documented minor GH Real Estate costs. Reconcile to receipts and cash on hand; leave at zero if no actual fund exists.","PUBLIC-ACCT-0002"
"Accounts Receivable","Accounts Receivable","1200","","Debit","Zoho System Control","Active","Keep Active – System / Reconcile","Balance Sheet / Not Direct Schedule E","Zoho control account for issued customer invoices that remain unpaid. Use invoice, payment, and credit-note workflows rather than manual tenant postings.","PUBLIC-ACCT-0003"
"Other Current Asset","Advance Tax","1390","","Debit","Zoho System / Conditional","Active","Keep Active – System / Zero","Balance Sheet / Not Direct Schedule E","Zoho default account for genuine entity-level recoverable tax prepayments. Do not record the member's personal federal or state estimated income taxes here; leave at zero unless supported by an entity tax receivable.","PUBLIC-ACCT-0004"
"Accounts Payable","Accounts Payable","2000","","Credit","Zoho System Control","Active","Keep Active – System / Reconcile","Balance Sheet / Not Direct Schedule E","Zoho control account for approved vendor bills not yet paid. Use bills, vendor credits, and payments rather than manual entries.","PUBLIC-ACCT-0005"
"Other Current Liability","Tax Payable","2500","","Credit","Zoho System Control","Active","Keep Active – System / Reconcile","Balance Sheet / Not Direct Schedule E","Zoho control account for taxes collected or incurred and owed to a taxing authority. Do not use for property-tax expense.","PUBLIC-ACCT-0006"
"Equity","Retained Earnings","3010","","Credit","Zoho System / Equity Control","Active","Keep Active – System Equity Control","Balance Sheet / Not Direct Schedule E","Zoho account for accumulated prior-period earnings. Avoid manual posting except for accountant-approved entries.","PUBLIC-ACCT-0007"
"Equity","Member's Equity","3000","","Credit","Top Parent – Do Not Post","Active","Keep Active – Parent / Do Not Post","Balance Sheet / Not Direct Schedule E","Parent for the sole member's ownership interest in GH Real Estate, LLC. Do not post directly when a specific contribution or distribution subaccount applies.","PUBLIC-ACCT-0008"
"Equity","Member Draws / Distributions","3000.02","Member's Equity","Debit","Posting Account","Active","Keep Active","Balance Sheet / Not Direct Schedule E","Cash, property, or personal expenditures distributed to the member. Normal balance is debit. This is not a rental expense and is not deductible on Schedule E.","PUBLIC-ACCT-0022"
"Equity","Member Capital Contributions","3000.01","Member's Equity","Credit","Posting Account","Active","Keep Active","Balance Sheet / Not Direct Schedule E","Cash or property permanently contributed by the member. Excludes documented loans expected to be repaid.","PUBLIC-ACCT-0135"
"Equity","Opening Balance Offset","3030","","Normally Zero / Mixed","Zoho System / Migration","Active","Keep Active – System / Zero","Balance Sheet / Not Direct Schedule E","Zoho migration account used only to establish opening balances. Reconcile supporting opening entries and clear unexpected residual balances; avoid routine posting.","PUBLIC-ACCT-0009"
"Income","Rental Income","4000","","Credit","Top Parent – Do Not Post","Active","Keep Active – Parent / Do Not Post","Schedule E – Rental Income","Schedule E top-level parent for rent, lease-cancellation amounts, tenant fees, reimbursements, and other tenant-derived rental income. Do not post directly; use a defined child account.","PUBLIC-ACCT-0010"
"Income","Pet Rent","4000.03","Rental Income","Credit","Posting Account","Active","Keep Active","Schedule E – Rental Income","Recurring additional rent charged under an approved pet agreement. Excludes refundable pet deposits.","PUBLIC-ACCT-0037"
"Income","Base Rent","4000.01","Rental Income","Credit","Posting Account","Active","Keep Active","Schedule E – Rental Income","Contractual rent earned for tenant occupancy, excluding separately stated pet rent, storage rent, fees, and reimbursements.","PUBLIC-ACCT-0112"
"Income","Storage Rent","4000.04","Rental Income","Credit","Posting Account","Active","Keep Active","Schedule E – Rental Income","Rent earned for tenant use of separately provided storage space.","PUBLIC-ACCT-0113"
"Income","Laundry Income","4000.05","Rental Income","Credit","Posting Account","Active","Keep Active","Schedule E – Rental Income","Revenue from tenant use of landlord-owned or landlord-operated laundry facilities.","PUBLIC-ACCT-0117"
"Income","Housing Assistance Rent","4000.02","Rental Income","Credit","Posting Account","Active","Keep Active","Schedule E – Rental Income","Rent paid by a housing authority or assistance program on behalf of a tenant.","PUBLIC-ACCT-0122"
"Income","Tenant Fee Income","4000.10","Rental Income","Credit","Top Parent – Do Not Post","Active","Keep Active – Parent / Do Not Post","Schedule E – Rental Income","Rental-income subgroup for lease-authorized late fees, returned-payment charges, application charges, payment-fee reimbursements, termination charges, and other defined tenant fees. Do not post directly.","PUBLIC-ACCT-0156"
"Income","Application / Processing Fee Income","4000.10.04","Tenant Fee Income","Credit","Posting Account","Active","Keep Active","Schedule E / Rental Income","Application or screening charges retained by GH Real Estate. Excludes amounts retained directly by a third party.","PUBLIC-ACCT-0038"
"Income","Late Fee Income","4000.10.01","Tenant Fee Income","Credit","Posting Account","Active","Keep Active","Schedule E – Rental Income","Lease-authorized late fees assessed on delinquent rent.","PUBLIC-ACCT-0039"
"Income","Returned Payment Fee Income","4000.10.02","Tenant Fee Income","Credit","Posting Account","Active","Keep Active","Schedule E – Rental Income","Lease-authorized charge for returned ACH or other failed tenant payments.","PUBLIC-ACCT-0116"
"Income","Other Tenant Fee Income","4000.10.08","Tenant Fee Income","Credit","Posting Account","Active","Keep Active","Schedule E – Rental Income","Infrequent lease-authorized tenant fees that do not fit another defined income account.","PUBLIC-ACCT-0118"
"Income","Early Termination / Lease Buyout Income","4000.10.05","Tenant Fee Income","Credit","Posting Account","Active","Keep Active","Schedule E – Rental Income","Amounts earned when a tenant pays to terminate or buy out a lease early.","PUBLIC-ACCT-0120"
"Income","Re-Leasing Advertising Reimbursement","4000.10.07","Tenant Fee Income","Credit","Posting Account","Active","Keep Active","Schedule E – Rental Income","Lease-authorized reimbursement of documented re-leasing advertising actually incurred after an early termination. Charge only when the lease and applicable law permit, with no markup; do not assess as a routine move-in or move-out fee.","PUBLIC-ACCT-0131"
"Income","Online Payment Fee Reimbursements","4000.10.06","Tenant Fee Income","Credit","Posting Account","Active","Keep Active","Schedule E – Rental Income","Tenant reimbursements of payment-processing costs only when permitted by the lease, payment rules, and applicable law. Record the tenant charge as income and the processor fee separately as expense.","PUBLIC-ACCT-0134"
"Income","Lease Termination Fee Income","4000.10.03","Tenant Fee Income","Credit","Posting Account","Active","Review – Define Distinct Charge or Inactivate","Schedule E / Rental Income","Use only for a distinct, signed-lease termination fee that does not overlap 4000.10.05 Early Termination / Lease Buyout Income. Otherwise clear, remap, and inactivate this account.","PUBLIC-ACCT-0157"
"Income","Repair And Damage Reimbursements","4000.11","Rental Income","Credit","Posting Account","Active","Keep Active","Schedule E – Rental Income","Tenant payments for chargeable repairs, cleaning, or damage. Record the related cost separately. For retained deposits, coordinate with 4000.13 and avoid duplicate income when applying a deposit to an existing receivable.","PUBLIC-ACCT-0158"
"Income","Other Tenant Reimbursements","4000.12","Rental Income","Credit","Posting Account","Active","Keep Active","Schedule E – Rental Income","Tenant reimbursements that do not fit utilities, repairs, damage, or another defined account. Review quarterly and record the underlying cost separately when applicable.","PUBLIC-ACCT-0159"
"Income","Deposit Forfeitures And Retained Deposit Income","4000.13","Rental Income","Credit","Posting Account","Active","Keep Active","Schedule E – Rental Income","Amounts from refundable deposits recognized only when legally and finally retained. Do not duplicate income when applying a deposit to an already-recorded receivable. Damage-related tax treatment may depend on whether the related repair is deducted; review at year-end.","PUBLIC-ACCT-0160"
"Income","Miscellaneous Rental Income","4000.14","Rental Income","Credit","Posting Account","Active","Keep Active","Schedule E – Rental Income","Infrequent tenant-derived rental income that cannot be classified more accurately. Review quarterly.","PUBLIC-ACCT-0177"
"Income","Utility Reimbursements","4000.20","Rental Income","Credit","Posting Account","Active","Conditional – Use Only When Signed Lease Requires Reimbursement","Schedule E – Rental Income","Tenant reimbursements for landlord-paid water, sewer, electricity, gas, trash, internet, or similar utilities. Record the landlord-paid utility cost separately in the applicable Utilities expense account.","PUBLIC-ACCT-0182"
"Income","Other Fees","4906","","Credit","Zoho System / Verify Workflow","Active","Keep Active – System / Verify Workflow","System / Tax Mapping Review","Zoho fee-income control whose exact system function must be verified by Account ID. Do not use for refundable deposits, deposit refunds, rent, or routine tenant fees already assigned to 4000.10 children.","PUBLIC-ACCT-0011"
"Other Current Liability","Unearned Rent Revenue","2600","","Credit","Zoho System / Book-Tax Control","Active","Keep Active – Book-Tax / Reconcile","Balance Sheet / Not Direct Schedule E","Zoho standalone book-basis liability for rent received before the rental period is earned. Normal balance is credit. Federal tax generally includes advance rent when received, so provide the year-end balance to the tax preparer for a book-tax adjustment. Do not use for refundable deposits.","PUBLIC-ACCT-0020"
"Income","Other Charges","4904","","Credit","Zoho System Control","Active","Keep Active – System / Verify Workflow","Zoho System Control – Tax Review if Nonzero","Zoho system account for invoice adjustments and miscellaneous positive charges. Leave standalone and do not use for rent or routine tenant-fee items.","PUBLIC-ACCT-0012"
"Income","Pet Deposits","4300.02","Other Charges","Credit","Inactive / Historical","Inactive","Keep Inactive – Legacy / Zero / Unmapped","System / Tax Mapping Review","Inactive legacy deposit-income account. Verify zero/remapped history and remove all item and automation mappings. Refundable deposits belong in 2200.03; legally retained amounts belong in 4000.13.","PUBLIC-ACCT-0114"
"Income","Security Deposit","4300.03","Other Charges","Credit","Inactive / Historical","Inactive","Keep Inactive – Legacy / Zero / Unmapped","System / Tax Mapping Review","Inactive legacy deposit-income account. Verify zero/remapped history and remove all item and automation mappings. Refundable deposits belong in 2200.03; legally retained amounts belong in 4000.13.","PUBLIC-ACCT-0115"
"Income","Other Refunds","4905","","Debit","Zoho System / Verify Workflow","Active","Keep Active – System / Verify Workflow","System / Tax Mapping Review","Zoho refund control account. Normal balance is debit when used as contra-revenue. Use only through the intended refund workflow, keep separate from tenant-deposit refunds, and review or clear unexpected balances.","PUBLIC-ACCT-0013"
"Income","Discounts","4901","","Debit","Zoho System / Verify Workflow","Active","Keep Active – System / Reconcile","System / Tax Mapping Review","Zoho system contra-revenue account for invoice discounts. Normal balance is debit even though Zoho classifies it as Income. Use only through the invoice discount field and review balances at year-end.","PUBLIC-ACCT-0014"
"Expense","Exchange Gain Or Loss","8000","","Normally Zero / Mixed","Zoho System / Net Gain-Loss","Active","Keep Active – System / Zero","Zoho System Control – Tax Review if Nonzero","Zoho system account for realized or transaction exchange-rate gains and losses. Credit balances represent gains and debit balances represent losses. Keep one combined standalone account and let Zoho post exchange adjustments automatically.","PUBLIC-ACCT-0015"
"Other Expense","ZZ – Reserved Zoho Other Expense (Do Not Use)","8099","","Debit","Zoho Locked / Do Not Use","Active","Keep Active – Locked / Zero","Zoho System Control – Tax Review if Nonzero","Zoho system or reserved account. Keep standalone, unmapped from routine items, and ordinarily at zero. Investigate any posting by Account ID before reclassifying it.","PUBLIC-ACCT-0016"
"Income","Shipping Charges","4902","","Credit","Zoho System / Verify Workflow","Active","Keep Active – System / Zero","System / Tax Mapping Review","Records freight or shipping charges collected from customers as part of sales transactions.","PUBLIC-ACCT-0023"
"Expense","Purchase Adjustments","5900","","Normally Zero / Mixed","Zoho System Control","Active","Keep Active – System / Verify Workflow","Zoho System Control – Tax Review if Nonzero","Zoho control account for transaction-level purchase adjustments entered on bills or vendor credits. Keep standalone and let Zoho workflows post to it. Vendor credits should otherwise reverse the original expense or asset account. Do not use as a routine rental expense.","PUBLIC-ACCT-0017"
"Other Current Asset","Employee Advance","1391","","Debit","Zoho System / Conditional","Active","Keep Active – System / Zero","Balance Sheet / Not Direct Schedule E","Zoho default account for documented advances to employees. GH currently has no employees; leave at zero. Do not use for the member, whose amounts belong in Due from Member or member equity as facts require.","PUBLIC-ACCT-0027"
"Other Current Liability","Opening Balance Adjustments","2400","","Normally Zero / Mixed","Zoho System / Migration","Active","Keep Active – System / Zero","Balance Sheet / Not Direct Schedule E","Zoho migration-control account. Investigate and clear the balance after opening balances are fully entered and reconciled; do not use for ordinary transactions.","PUBLIC-ACCT-0019"
"Other Current Liability","Other Current Liabilities","2200","","Credit","Top Parent – Do Not Post","Active","Keep Active – Parent / Do Not Post","Balance Sheet / Not Direct Schedule E","Parent for obligations expected to be settled in the normal operating cycle. Do not post directly.","PUBLIC-ACCT-0028"
"Other Current Liability","Tenant Deposits Held","2200.03","Other Current Liabilities","Credit","Posting Account","Active","Keep Active","Balance Sheet / Not Direct Schedule E","Single Zoho Retainer Invoice liability for refundable holding, security, and pet deposits. Credit when received; debit when refunded or validly applied. Track tenant, unit, lease, and deposit type in required Retainer custom fields and the deposit subledger.","PUBLIC-ACCT-0124"
"Other Current Liability","Due To Member / Reimbursements Payable","2200.01","Other Current Liabilities","Credit","Posting Account","Active","Keep Active","Balance Sheet / Not Direct Schedule E","Documented GH Real Estate expenses paid personally by the member and owed back by the business. Do not net against Due from Member; reconcile supporting receipts and reimbursements monthly.","PUBLIC-ACCT-0150"
"Other Current Liability","Accrued Expenses Payable","2200.02","Other Current Liabilities","Credit","Posting Account","Active","Keep Active","Balance Sheet / Not Direct Schedule E","Material expenses incurred but not yet billed or paid under accrual-basis reporting.","PUBLIC-ACCT-0151"
"Other Current Liability","Current Portion Of Mortgage Payable – 9401 Nieman Road","2200.04","Other Current Liabilities","Credit","Posting / Year-End Reclass","Active","Conditional – GAAP/Lender Current Classification","Balance Sheet / Not Direct Schedule E","Mortgage principal contractually due within 12 months after the balance-sheet date. Reclassify from 2800.01 at each GAAP reporting date; this is a liability reclassification, not an expense. Normal balance is credit.","PUBLIC-ACCT-0181"
"Expense","ZZ – Reserved Zoho Expense 02 (Do Not Use)","8096","","Debit","Zoho Locked / Do Not Use","Active","Keep Active – Locked / Zero","Zoho System Control – Tax Review if Nonzero","Zoho system or reserved account. Keep standalone, unmapped from routine items, and ordinarily at zero. Investigate any posting by Account ID before reclassifying it.","PUBLIC-ACCT-0029"
"Other Liability","Accrued Expenses And Dimension Adjustments","2250","","Normally Zero / Mixed","Zoho System / Technical","Active","Keep Active – System / Zero","Balance Sheet / Not Direct Schedule E","Zoho technical account for dimension and reporting-tag adjustments. Keep standalone and ordinarily at zero; use Accrued Expenses Payable 2200.02 for genuine current accruals and investigate any balance here.","PUBLIC-ACCT-0030"
"Expense","ZZ – Reserved Zoho Expense 01 (Do Not Use)","8095","","Debit","Zoho Locked / Do Not Use","Active","Keep Active – Locked / Zero","Zoho System Control – Tax Review if Nonzero","Zoho system or reserved account. Keep standalone, unmapped from routine items, and ordinarily at zero. Investigate any posting by Account ID before reclassifying it.","PUBLIC-ACCT-0018"
"Stock","Inventory Asset","1900","","Debit","Zoho System / Do Not Use","Active","Keep Active – System / Zero","Balance Sheet / Not Direct Schedule E","Zoho inventory-control account. GH Real Estate does not ordinarily use inventory accounting; leave at zero and do not record repairs, supplies, or fixed assets here.","PUBLIC-ACCT-0025"
"Cost Of Goods Sold","Cost Of Goods Sold","6998","","Debit","Posting Account","Active","Keep Active – System / Zero","System / Tax Mapping Review","Zoho system account for direct inventory costs. GH Real Estate does not ordinarily use inventory costing; leave at zero and do not post property operating costs here.","PUBLIC-ACCT-0026"
"Expense","ZZ – Reserved Zoho Expense 03 (Do Not Use)","8097","","Debit","Zoho Locked / Do Not Use","Active","Keep Active – Locked / Zero","Zoho System Control – Tax Review if Nonzero","Zoho system or reserved account. Keep standalone, unmapped from routine items, and ordinarily at zero. Investigate any posting by Account ID before reclassifying it.","PUBLIC-ACCT-0031"
"Bank","GH Real Estate - Savings","1010","","Debit","Connected Bank / Reconcile","Active","Keep Active","Balance Sheet / Not Direct Schedule E","Business savings account for operating reserves and planned property expenditures. Reconcile monthly.","PUBLIC-ACCT-0033"
"Bank","GH Real Estate - Checking","1000","","Debit","Connected Bank / Reconcile","Active","Keep Active","Balance Sheet / Not Direct Schedule E","Primary operating bank account for rent receipts, mortgage payments, vendor payments, and ordinary property operations. Reconcile monthly.","PUBLIC-ACCT-0034"
"Bank","GH Real Estate - Money Market Savings","1020","","Debit","Connected Bank / Reconcile","Active","Keep Active","Balance Sheet / Not Direct Schedule E","Business money-market account for interest-bearing reserves. Reconcile monthly and record earned interest separately.","PUBLIC-ACCT-0035"
"Expense","Cleaning And Maintenance","6020","","Debit","Top Parent – Do Not Post","Active","Keep Active – Parent / Do Not Post","Schedule E Line 7 – Cleaning and Maintenance","Schedule E Line 7 top-level parent. Do not post directly; use an applicable child account.","PUBLIC-ACCT-0040"
"Expense","Snow And Ice Removal","6020.04","Cleaning And Maintenance","Debit","Posting Account","Active","Keep Active","Schedule E Line 7 – Cleaning and Maintenance","Plowing, shoveling, salting, and similar winter-property maintenance.","PUBLIC-ACCT-0070"
"Expense","Landscaping And Lawn Care","6020.03","Cleaning And Maintenance","Debit","Posting Account","Active","Keep Active","Schedule E Line 7 – Cleaning and Maintenance","Routine mowing, trimming, leaf removal, mulching, and ordinary grounds care.","PUBLIC-ACCT-0071"
"Expense","Pest Control","6020.05","Cleaning And Maintenance","Debit","Posting Account","Active","Keep Active","Schedule E Line 7 – Cleaning and Maintenance","Routine extermination and pest-prevention services.","PUBLIC-ACCT-0078"
"Expense","Cleaning And Janitorial Services","6020.01","Cleaning And Maintenance","Debit","Posting Account","Active","Keep Active","Schedule E Line 7 – Cleaning and Maintenance","Routine common-area and occupied-unit cleaning services.","PUBLIC-ACCT-0079"
"Expense","Preventive HVAC Maintenance","6020.06","Cleaning And Maintenance","Debit","Posting Account","Active","Keep Active","Schedule E Line 7 – Cleaning and Maintenance","Routine HVAC servicing, inspections, filter changes, and preventive care. Excludes repairs and replacements.","PUBLIC-ACCT-0080"
"Expense","Laundry Equipment Maintenance","6020.08","Cleaning And Maintenance","Debit","Posting Account","Active","Keep Active","Schedule E Line 7 – Cleaning and Maintenance","Routine servicing and preventive maintenance of shared or in-unit laundry equipment.","PUBLIC-ACCT-0081"
"Expense","Gutter, Drainage And Exterior Maintenance","6020.07","Cleaning And Maintenance","Debit","Posting Account","Active","Keep Active","Schedule E Line 7 – Cleaning and Maintenance","Routine gutter cleaning, drainage upkeep, window cleaning, staining, sealing, and similar non-repair maintenance.","PUBLIC-ACCT-0082"
"Expense","Vacancy Turnover Cleaning","6020.02","Cleaning And Maintenance","Debit","Posting Account","Active","Keep Active","Schedule E Line 7 – Cleaning and Maintenance","Ordinary deep cleaning between tenant move-out and move-in. Excludes restoration or capital improvement work.","PUBLIC-ACCT-0109"
"Expense","Fire And Life-Safety Maintenance","6020.09","Cleaning And Maintenance","Debit","Posting Account","Active","Keep Active","Schedule E Line 7 – Cleaning and Maintenance","Routine extinguisher inspections, alarm servicing, and other recurring safety-maintenance costs.","PUBLIC-ACCT-0121"
"Expense","Legal And Professional Fees","6050","","Debit","Top Parent – Do Not Post","Active","Keep Active – Parent / Do Not Post","Schedule E Line 10 – Legal and Professional","Schedule E Line 10 top-level parent. Do not post directly; use an applicable child account.","PUBLIC-ACCT-0041"
"Expense","Legal Fees","6050.01","Legal And Professional Fees","Debit","Posting Account","Active","Keep Active","Schedule E Line 10 – Legal and Professional","Attorney and court-related costs for leases, collections, evictions, compliance, and rental disputes. Capitalize legal costs allocable to acquisition, title defense, or a capital improvement instead of expensing them here.","PUBLIC-ACCT-0088"
"Expense","Accounting And Tax Preparation Fees","6050.02","Legal And Professional Fees","Debit","Posting Account","Active","Keep Active","Schedule E Line 10 – Legal and Professional","CPA, tax-preparation, and financial-reporting services allocable to rental activity.","PUBLIC-ACCT-0089"
"Expense","Consulting And Other Professional Fees","6050.04","Legal And Professional Fees","Debit","Posting Account","Active","Keep Active","Schedule E Line 10 – Legal and Professional","Professional services that do not fit legal, accounting, bookkeeping, management, or capital-project costs.","PUBLIC-ACCT-0090"
"Expense","Bookkeeping Services","6050.03","Legal And Professional Fees","Debit","Posting Account","Active","Keep Active","Schedule E Line 10 – Legal and Professional","Day-to-day bookkeeping, reconciliation, and accounting support services.","PUBLIC-ACCT-0092"
"Expense","Management Fees","6060","","Debit","Top Parent – Do Not Post","Active","Keep Active – Parent / Do Not Post","Schedule E Line 11 – Management Fees","Schedule E Line 11 top-level parent. Do not post directly; use an applicable child account.","PUBLIC-ACCT-0042"
"Expense","Property Management Fees","6060.01","Management Fees","Debit","Posting Account","Active","Keep Active","Schedule E Line 11 – Management Fees","Fees paid to an outside property manager for routine operation, tenant administration, and oversight.","PUBLIC-ACCT-0093"
"Expense","Repairs","6090","","Debit","Top Parent – Do Not Post","Active","Keep Active – Parent / Do Not Post","Schedule E Line 14 – Repairs","Schedule E Line 14 parent. Ordinary repairs may be expensed; betterments, restorations, adaptations, and entire-system replacements require capitalization review. Do not post directly.","PUBLIC-ACCT-0043"
"Expense","Plumbing Repairs","6090.03","Repairs","Debit","Posting Account","Active","Keep Active","Schedule E Line 14 – Repairs","Repairs to pipes, drains, faucets, toilets, valves, supply lines, and related plumbing.","PUBLIC-ACCT-0096"
"Expense","Electrical Repairs","6090.04","Repairs","Debit","Posting Account","Active","Keep Active","Schedule E Line 14 – Repairs","Repairs to outlets, switches, fixtures, wiring, panels, and other electrical components.","PUBLIC-ACCT-0097"
"Expense","Appliance Repairs","6090.01","Repairs","Debit","Posting Account","Active","Keep Active","Schedule E Line 14 – Repairs","Repairs to refrigerators, ranges, dishwashers, and other appliances. Capital replacements require review.","PUBLIC-ACCT-0098"
"Expense","General Repairs","6090.09","Repairs","Debit","Posting Account","Active","Keep Active","Schedule E Line 14 – Repairs","Ordinary repairs that cannot reasonably be assigned to another repair category. Excludes improvements requiring capitalization.","PUBLIC-ACCT-0099"
"Expense","Deck, Fence, Railing And Parking Repairs","6090.06","Repairs","Debit","Posting Account","Active","Keep Active","Schedule E Line 14 – Repairs","Ordinary deck, fence, railing, walkway, and parking-surface repairs. Capitalize betterments, restorations, adaptations, and entire-system replacements when required; the facts control deductibility.","PUBLIC-ACCT-0100"
"Expense","Structural Repairs","6090.07","Repairs","Debit","Posting Account","Active","Keep Active","Schedule E Line 14 – Repairs","Ordinary repairs to framing, foundations, walls, or structural components. Ordinary repair costs that keep the property in its normally efficient condition. Capitalize betterments, restorations, adaptations, and entire-system replacements instead of expensing them here.","PUBLIC-ACCT-0101"
"Expense","Roofing, Siding And Exterior Repairs","6090.05","Repairs","Debit","Posting Account","Active","Keep Active","Schedule E Line 14 – Repairs","Ordinary roofing, siding, window, and exterior repairs. Capitalize betterments, restorations, adaptations, and entire-system replacements when required; the facts control deductibility.","PUBLIC-ACCT-0102"
"Expense","HVAC And Furnace Repairs","6090.02","Repairs","Debit","Posting Account","Active","Keep Active","Schedule E Line 14 – Repairs","Repairs to furnaces, air conditioners, ductwork, thermostats, and related HVAC components.","PUBLIC-ACCT-0103"
"Expense","Laundry Equipment Repairs","6090.08","Repairs","Debit","Posting Account","Active","Keep Active","Schedule E Line 14 – Repairs","Corrective repairs to shared or in-unit washers and dryers.","PUBLIC-ACCT-0108"
"Expense","Supplies","6100","","Debit","Top Parent – Do Not Post","Active","Keep Active – Parent / Do Not Post","Schedule E Line 15 – Supplies","Schedule E Line 15 top-level parent. Do not post directly; use an applicable child account.","PUBLIC-ACCT-0044"
"Expense","Office And Administrative Supplies","6100.04","Supplies","Debit","Posting Account","Active","Keep Active","Schedule E Line 15 – Supplies","Paper, toner, envelopes, keys, labels, and other consumable administrative supplies.","PUBLIC-ACCT-0104"
"Expense","Cleaning Supplies","6100.01","Supplies","Debit","Posting Account","Active","Keep Active","Schedule E Line 15 – Supplies","Consumable cleaners, disinfectants, gloves, paper products, and janitorial supplies.","PUBLIC-ACCT-0105"
"Expense","Maintenance Supplies And Consumables","6100.02","Supplies","Debit","Posting Account","Active","Keep Active","Schedule E Line 15 – Supplies","Consumable maintenance items such as HVAC filters, bulbs, caulk, fasteners, patch materials, small replacement parts, tape, and similar supplies. Excludes janitorial supplies and capital equipment.","PUBLIC-ACCT-0106"
"Expense","Small Tools And Hardware","6100.03","Supplies","Debit","Posting Account","Active","Keep Active","Schedule E Line 15 – Supplies","Low-cost tools and hardware expensed under GH's consistently applied capitalization policy. For federal tax, the $2,500 de minimis safe harbor requires an annual election and consistent book treatment; otherwise capitalize when required.","PUBLIC-ACCT-0166"
"Payment Clearing","Zoho Payments Clearing","1400","","Debit / Temporary","Payment Clearing / Reconcile","Active","Keep Active – System / Reconcile","Balance Sheet / Not Direct Schedule E","Temporary account for Zoho Payments receipts awaiting settlement. Reconcile gross payments, fees, refunds, and bank deposits.","PUBLIC-ACCT-0045"
"Cash","Cash Refunds","1120","","Debit","Cash / Bank – Reconcile","Active","Keep Active","Balance Sheet / Not Direct Schedule E","Zoho cash-refund control account. Use only when a cash refund workflow requires it; otherwise issue refunds from the actual GH bank account. Do not use for security-deposit expense or income. Reconcile to zero.","PUBLIC-ACCT-0048"
"Credit Card","Personal Credit Card – Owner","2100","","Credit","Posting Account","Active","Review – Prefer Clear/Inactivate If Personal or Mixed-Use","Balance Sheet / Not Direct Schedule E","Balance due on the owner's business credit card used for property-related expenses.","PUBLIC-ACCT-0049"
"Bank","Owner - Savings","","","Debit","Cash / Bank – Reconcile","Active","Review – Prefer Clear, Disconnect, and Inactivate as Personal","Balance Sheet / Not Direct Schedule E","Personal owner bank feed. Do not treat the full bank balance as a GH asset. Reclassify supported GH activity, clear, disconnect, and inactivate unless legal ownership by GH is documented.","PUBLIC-ACCT-0050"
"Bank","Owner - Checking","","","Debit","Cash / Bank – Reconcile","Active","Review – Prefer Clear, Disconnect, and Inactivate as Personal","Balance Sheet / Not Direct Schedule E","Personal owner bank feed. Do not treat the full bank balance as a GH asset. Reclassify supported GH activity, clear, disconnect, and inactivate unless legal ownership by GH is documented.","PUBLIC-ACCT-0051"
"Bank","Sylvara.ai - Checking","","","Debit","Inactive / Historical","Inactive","Keep Inactive – Other Entity / Zero / Disconnect","Balance Sheet / Not Direct Schedule E","Other-entity bank feed. Keep inactive, zero, disconnected, and excluded from GH operating reports after historical reconciliation.","PUBLIC-ACCT-0052"
"Expense","Insurance","6040","","Debit","Top Parent – Do Not Post","Active","Keep Active – Parent / Do Not Post","Schedule E Line 9 – Insurance","Schedule E Line 9 top-level parent. Do not post directly; use an applicable child account.","PUBLIC-ACCT-0053"
"Expense","Liability And Umbrella Insurance","6040.02","Insurance","Debit","Posting Account","Active","Keep Active","Schedule E Line 9 – Insurance","Premiums for general liability and umbrella coverage related to rental operations.","PUBLIC-ACCT-0086"
"Expense","Rent Loss Insurance","6040.03","Insurance","Debit","Posting Account","Active","Keep Active","Schedule E Line 9 – Insurance","Premiums for coverage of qualifying lost rental income following a covered event.","PUBLIC-ACCT-0087"
"Expense","Mortgage Insurance","6040.04","Insurance","Debit","Posting Account","Active","Keep Active","Schedule E Line 9 – Insurance","Mortgage insurance premiums separately charged in connection with rental-property financing.","PUBLIC-ACCT-0127"
"Expense","Property And Hazard Insurance","6040.01","Insurance","Debit","Posting Account","Active","Keep Active","Schedule E Line 9 – Insurance","Premiums for property, casualty, and hazard coverage on rental property.","PUBLIC-ACCT-0129"
"Expense","Taxes","6110","","Debit","Top Parent – Do Not Post","Active","Keep Active – Parent / Do Not Post","Schedule E Line 16 – Taxes","Schedule E Line 16 top-level parent. Do not post directly; use an applicable child account.","PUBLIC-ACCT-0054"
"Expense","State And Local Business Taxes","6110.02","Taxes","Debit","Posting Account","Active","Keep Active","Schedule E Line 16 – Taxes","Deductible state or local business taxes other than property tax. Excludes owner income taxes and government penalties.","PUBLIC-ACCT-0107"
"Expense","Property Taxes - 9401 Nieman Road","6110.01","Taxes","Debit","Posting Account","Active","Keep Active","Schedule E Line 16 – Taxes","Real-estate taxes assessed on 9401 Nieman Road, including amounts paid by the mortgage servicer from escrow.","PUBLIC-ACCT-0128"
"Expense","Auto And Travel","6010","","Debit","Top Parent – Do Not Post","Active","Keep Active – Parent / Do Not Post","Schedule E Line 6 – Auto and Travel","Schedule E Line 6 top-level parent for documented rental-business vehicle and travel costs. Do not post directly. Travel primarily to acquire or improve property is capitalized rather than deducted.","PUBLIC-ACCT-0055"
"Expense","Airfare, Lodging, Car Rental and Ground Transportation","6010.03","Auto And Travel","Debit","Posting Account","Active","Keep Active","Schedule E Line 6 – Auto and Travel","Necessary, substantiated rental-business travel away from the normal business area. Exclude personal portions; costs primarily to acquire or improve property are capitalized.","PUBLIC-ACCT-0024"
"Expense","Business Mileage","6010.01","Auto And Travel","Debit","Posting Account","Active","Keep Active","Schedule E Line 6 – Auto and Travel","Substantiated rental-business mileage using the applicable standard mileage method when eligible. Maintain contemporaneous mileage records and do not also deduct duplicative actual vehicle costs.","PUBLIC-ACCT-0056"
"Expense","Business Travel Meals","6010.04","Auto And Travel","Debit","Posting Account","Active","Keep Active","Schedule E Line 6 – Auto and Travel","Properly substantiated meals during qualifying rental-business travel. Federal deductibility is generally limited to 50%; exclude personal, lavish, or inadequately documented amounts.","PUBLIC-ACCT-0057"
"Expense","Parking And Tolls","6010.02","Auto And Travel","Debit","Posting Account","Active","Keep Active","Schedule E Line 6 – Auto and Travel","Parking and toll costs incurred for documented rental-property business travel.","PUBLIC-ACCT-0073"
"Expense","Mortgage Interest","6070","","Debit","Parent – Do Not Post","Active","Keep Active – Parent / Do Not Post","Schedule E / Applicable Expense Line","Schedule E Line 12 top-level parent. Do not post directly; use an applicable child account.","PUBLIC-ACCT-0058"
"Expense","Mortgage Interest - 9401 Nieman Road","6070.01","Mortgage Interest","Debit","Posting Account","Active","Keep Active","Schedule E Line 12 – Mortgage Interest","Interest portion of mortgage payments for 9401 Nieman Road, reconciled to lender records and Form 1098 when applicable. Excludes principal, escrow funding, and non-interest late charges.","PUBLIC-ACCT-0059"
"Expense","Other Interest","6080","","Debit","Top Parent – Do Not Post","Active","Keep Active – Parent / Do Not Post","Schedule E Line 13 – Other Interest","Schedule E Line 13 top-level parent. Do not post directly; use an applicable child account.","PUBLIC-ACCT-0061"
"Expense","Credit Card Interest","6080.01","Other Interest","Debit","Posting Account","Active","Keep Active","Schedule E Line 13 – Other Interest","Finance charges on a GH Real Estate credit-card balance.","PUBLIC-ACCT-0094"
"Expense","Other Loan Interest","6080.02","Other Interest","Debit","Posting Account","Active","Keep Active","Schedule E Line 13 – Other Interest","Interest on member, related-party, line-of-credit, or other non-mortgage business debt.","PUBLIC-ACCT-0095"
"Expense","Advertising","6000","","Debit","Top Parent – Do Not Post","Active","Keep Active – Parent / Do Not Post","Schedule E Line 5 – Advertising","Schedule E Line 5 top-level parent. Do not post directly; use an applicable child account.","PUBLIC-ACCT-0074"
"Expense","Online Advertising And Rental Listings","6000.01","Advertising","Debit","Posting Account","Active","Keep Active","Schedule E Line 5 – Advertising","Zillow and other online listing or paid advertising costs used to market available units.","PUBLIC-ACCT-0075"
"Expense","Print Marketing And Signage","6000.03","Advertising","Debit","Posting Account","Active","Keep Active","Schedule E Line 5 – Advertising","Flyers, brochures, yard signs, banners, and similar rental-marketing materials.","PUBLIC-ACCT-0076"
"Expense","Listing Photography And Videography","6000.02","Advertising","Debit","Posting Account","Active","Keep Active","Schedule E Line 5 – Advertising","Professional photography, video, floor plans, and media used to market rental units.","PUBLIC-ACCT-0077"
"Expense","Depreciation Expense","6130","","Debit","Top Parent – Do Not Post","Active","Keep Active – Parent / Do Not Post","Schedule E Line 18 – Depreciation","Schedule E Line 18 top-level parent. Do not post directly; use an applicable child account.","PUBLIC-ACCT-0083"
"Expense","Building Depreciation - 9401 Nieman Road","6130.01","Depreciation Expense","Debit","Posting Account","Active","Keep Active","Book Depreciation; Tax Schedule Maps Allowable Amount to Schedule E Line 18","Periodic book depreciation of the building basis for 9401 Nieman Road. Maintain a separate tax fixed-asset schedule; do not assume the Zoho book amount equals the allowable Schedule E depreciation deduction.","PUBLIC-ACCT-0084"
"Expense","Appliance, Furniture And Equipment Depreciation","6130.03","Depreciation Expense","Debit","Posting Account","Active","Keep Active","Book Depreciation; Tax Schedule Maps Allowable Amount to Schedule E Line 18","Periodic book depreciation of capitalized appliances, furniture, and equipment. Maintain a separate tax fixed-asset schedule; do not assume the Zoho book amount equals the allowable Schedule E depreciation deduction.","PUBLIC-ACCT-0085"
"Expense","Building And Land Improvement Depreciation","6130.02","Depreciation Expense","Debit","Posting Account","Active","Active – Rename/Scope Cleanup Recommended","Schedule E / Applicable Expense Line","Periodic book depreciation for building improvements only. Recommended live rename: Building Improvement Depreciation. Use conditional 6130.04 for separately depreciable land improvements.","PUBLIC-ACCT-0169"
"Expense","Other Expenses","6990","","Debit","Top Parent – Do Not Post","Active","Keep Active – Parent / Do Not Post","Schedule E Line 19 – Other Rental Expenses","Schedule E Line 19 top-level parent for ordinary and necessary rental costs not listed on lines 5–18. Use defined children, do not post directly, and exclude nondeductible government fines and capital expenditures.","PUBLIC-ACCT-0110"
"Expense","Bad Debt Expense – Accrual Basis Only","6990.13","Other Expenses","Debit","Posting Account","Active","Conditional – CPA Scope Review Before Posting","Book / Tax Review – Do Not Auto-Map to Schedule E","Use only after a CPA determines that an expense-recognition model applies to a previously recognized nonlease or other receivable. Operating-lease collectibility may instead adjust lease income; cash-basis rent never recognized generally creates no tax bad-debt deduction.","PUBLIC-ACCT-0060"
"Expense","Education And Training","6990.12","Other Expenses","Debit","Posting Account","Active","Keep Active","Schedule E / Applicable Expense Line","Rental-business education, publications, and relevant professional association dues.","PUBLIC-ACCT-0068"
"Expense","Mortgage And Loan Late Fees","6990.14","Other Expenses","Debit","Posting Account","Active","Keep Active","Schedule E Line 19 – Other Rental Expenses","Lender late charges and non-interest finance penalties. Excludes mortgage interest and principal.","PUBLIC-ACCT-0069"
"Expense","Software And Subscriptions","6990.04","Other Expenses","Debit","Posting Account","Active","Keep Active","Schedule E Line 19 – Other Rental Expenses","Zoho and other software, cloud-storage, workflow, and property-management subscriptions used by GH Real Estate.","PUBLIC-ACCT-0072"
"Expense","Licenses, Permits And Registration Fees","6990.03","Other Expenses","Debit","Posting Account","Active","Keep Active","Schedule E Line 19 – Other Rental Expenses","Rental registrations, occupancy permits, municipal licenses, and ordinary filing fees. Capital-project permits may require capitalization.","PUBLIC-ACCT-0091"
"Expense","Postage And Delivery","6990.09","Other Expenses","Debit","Posting Account","Active","Keep Active","Schedule E Line 19 – Other Rental Expenses","Postage, certified mail, courier, and document-delivery costs for rental operations.","PUBLIC-ACCT-0170"
"Expense","Tenant Screening And Application Costs","6990.10","Other Expenses","Debit","Posting Account","Active","Keep Active","Schedule E Line 19 – Other Rental Expenses","Third-party screening or application costs paid by GH Real Estate and not retained directly from an applicant.","PUBLIC-ACCT-0171"
"Expense","Tenant Welcome Kits And Business Gifts","6990.11","Other Expenses","Debit","Posting Account","Active","Keep Active","Schedule E / Applicable Expense Line","Reasonable non-gift welcome or turnover supplies provided to tenants for rental operations. Record true business gifts separately in 6990.15 so recipient-level federal limitations can be reviewed.","PUBLIC-ACCT-0172"
"Expense","HOA Assessments And Charges","6990.01","Other Expenses","Debit","Top Parent – Do Not Post","Active","Keep Active – Parent / Do Not Post","Schedule E Line 19 – Other Rental Expenses","Schedule E Line 19 subgroup for regular HOA assessments and private-association late charges. Do not post directly. Capital or special assessments that improve the property require capitalization review.","PUBLIC-ACCT-0173"
"Expense","HOA Late Fees And Penalties","6990.01.02","HOA Assessments And Charges","Debit","Posting Account","Active","Keep Active","Schedule E Line 19 – Other Rental Expenses","Late charges imposed by the HOA. Keep separate from regular assessments for management review.","PUBLIC-ACCT-0132"
"Expense","Regular HOA Assessments","6990.01.01","HOA Assessments And Charges","Debit","Posting Account","Active","Keep Active","Schedule E Line 19 – Other Rental Expenses","Regular HOA assessments for the rental property. Capital special assessments require separate review.","PUBLIC-ACCT-0133"
"Expense","Bank And Payment Processing Fees","6990.05","Other Expenses","Debit","Top Parent – Do Not Post","Active","Keep Active – Parent / Do Not Post","Schedule E Line 19 – Other Rental Expenses","Schedule E Line 19 subgroup for ordinary bank, ACH, card, and payment-processor charges. Do not post directly; use an applicable child. Record tenant reimbursements separately as income and reconcile processor clearing gross.","PUBLIC-ACCT-0174"
"Expense","Other Payment Processor Fees","6990.05.03","Bank And Payment Processing Fees","Debit","Posting Account","Active","Keep Active","Schedule E Line 19 – Other Rental Expenses","Fees charged by another active payment processor. Leave unused if GH Real Estate uses only Zoho Payments.","PUBLIC-ACCT-0036"
"Expense","Zoho Payments And ACH Processing Fees","6990.05.02","Bank And Payment Processing Fees","Debit","Posting Account","Active","Keep Active","Schedule E Line 19 – Other Rental Expenses","Transaction fees charged by Zoho Payments or its ACH provider.","PUBLIC-ACCT-0046"
"Expense","Bank Fees","6990.05.01","Bank And Payment Processing Fees","Debit","Posting Account","Active","Keep Active","Schedule E Line 19 – Other Rental Expenses","Monthly bank charges, check fees, wire fees, and similar banking costs.","PUBLIC-ACCT-0111"
"Expense","Business Gifts – Tax Limited","6990.15","Other Expenses","Debit","Posting Account","Active","Conditional – Business Gifts","Schedule E Line 19 – Other Rental Expenses","Documented business gifts connected to the rental activity. Federal deduction is generally limited to $25 per recipient per year unless an exception applies; track recipient, date, business purpose, and amount.","PUBLIC-ACCT-0175"
"Expense","Miscellaneous Rental Expense","6990.99","Other Expenses","Debit","Posting Account","Active","Keep Active","Schedule E Line 19 – Other Rental Expenses","Infrequent ordinary rental costs that genuinely do not fit another account. Review quarterly.","PUBLIC-ACCT-0176"
"Other Income","Other Income","4400","","Credit","Top Parent – Do Not Post","Active","Keep Active – Parent / Do Not Post","Other Income – Tax Review","Top-level parent for genuine non-rental and non-operating income. Do not post directly.","PUBLIC-ACCT-0119"
"Other Income","Bank Interest And Credit Union Dividends","4400.01","Other Income","Credit","Posting Account","Active","Keep Active","Form 1040 Interest / Schedule B as applicable","Interest and dividend-like earnings credited by GH Real Estate bank or credit-union accounts. Generally taxable as interest rather than Schedule E rental income; report on Form 1040/Schedule B as applicable.","PUBLIC-ACCT-0161"
"Other Income","Miscellaneous Other Income","4400.09","Other Income","Credit","Posting Account","Active","Keep Active","Other Income – Tax Review","Infrequent non-rental business income that cannot be accurately classified elsewhere.","PUBLIC-ACCT-0162"
"Other Income","Insurance, Settlement And Claim Proceeds","4400.02","Other Income","Credit","Posting / Tax Review","Active","Keep Active","Tax Review – Origin of Claim / Basis / Gain","Tax-review holding account for GH insurance and claim receipts, including business settlements. Treatment follows the origin of the claim and may reduce basis, restore a deducted loss, or create income or gain. Separately stated interest belongs in interest income.","PUBLIC-ACCT-0178"
"Other Income","Tenant Late-Payment Interest – Tax Review","4400.03","Other Income","Credit","Posting Account","Active","Conditional – Leave Unmapped Pending Lease and Tax Review","Tax Review – Schedule E Rental Income vs Schedule B Interest","Separately tracked stated charge on overdue tenant debt. Recognition requires an enforceable signed-lease term and supported calculation. Tax presentation depends on the legal and economic characterization; Schedule E rental income versus Form 1040/Schedule B interest remains a tax-preparer decision.","PUBLIC-ACCT-0183"
"Other Current Liability","Vendor Credits / Overpayments","2700","","Credit","Posting Account","Active","Keep Active","Balance Sheet / Not Direct Schedule E","Zoho vendor-credit control. Use vendor-credit workflows to reverse the original expense or asset and reduce A/P. Recoverable vendor cash refunds or advances belong in 1300.02. Reconcile unapplied balances to vendor detail.","PUBLIC-ACCT-0123"
"Other Current Asset","Goods In Transit","1910","","Debit","Zoho System / Do Not Use","Active","Keep Active – System / Zero","Balance Sheet / Not Direct Schedule E","Zoho inventory-control account for goods in transit. GH Real Estate does not ordinarily use it; leave at zero.","PUBLIC-ACCT-0130"
"Other Current Liability","Third-Party Loans Payable","2320","","Credit","Posting Account","Active","Keep Active","Balance Sheet / Not Direct Schedule E","Current portion of non-mortgage third-party loan principal due within 12 months. Recommended live rename: Current Portion of Other Third-Party Loans Payable.","PUBLIC-ACCT-0138"
"Other Current Asset","Other Current Assets","1300","","Debit","Top Parent – Do Not Post","Active","Keep Active – Parent / Do Not Post","Balance Sheet / Not Direct Schedule E","Parent for short-term non-cash assets. Do not post directly.","PUBLIC-ACCT-0139"
"Other Current Asset","Prepaid Expenses","1300.01","Other Current Assets","Debit","Posting Account","Active","Keep Active","Balance Sheet / Not Direct Schedule E","Payments made before the related service or benefit period. Amortize material amounts over the applicable period.","PUBLIC-ACCT-0032"
"Other Current Asset","Mortgage Escrow - 9401 Nieman Road","1300.03","Other Current Assets","Debit","Posting Account","Active","Keep Active","Balance Sheet / Not Direct Schedule E","Funds held by the mortgage servicer for property taxes and insurance. Reduce when the servicer disburses the funds.","PUBLIC-ACCT-0137"
"Other Current Asset","Vendor Advances And Refunds Receivable","1300.02","Other Current Assets","Debit","Posting Account","Active","Keep Active","Balance Sheet / Not Direct Schedule E","Vendor deposits, advances, and confirmed refunds owed to GH Real Estate. Clear through the applicable bill, credit, or refund.","PUBLIC-ACCT-0140"
"Other Current Asset","Due From Member / Member Receivable","1300.04","Other Current Assets","Debit","Posting Account","Active","Keep Active","Balance Sheet / Not Direct Schedule E","Documented, enforceable amount the member must repay promptly to GH Real Estate. Do not net against Due to Member. If repayment is not expected, classify as a member distribution instead of an asset.","PUBLIC-ACCT-0179"
"Fixed Asset","Fixed Assets","1500","","Debit","Top Parent – Do Not Post","Active","Keep Active – Parent / Do Not Post","Balance Sheet / Not Direct Schedule E","Parent for capitalized property and equipment. Do not post directly.","PUBLIC-ACCT-0141"
"Fixed Asset","Appliances","1500.05","Fixed Assets","Debit","Posting Account","Active","Keep Active","Balance Sheet / Not Direct Schedule E","Capitalized appliances exceeding the adopted capitalization threshold. Maintain item-level detail in the fixed-asset register.","PUBLIC-ACCT-0126"
"Fixed Asset","Land - 9401 Nieman Road","1500.01","Fixed Assets","Debit","Posting Account","Active","Keep Active","Balance Sheet / Not Direct Schedule E","Allocated acquisition cost of nondepreciable land, including qualifying capitalized acquisition costs.","PUBLIC-ACCT-0142"
"Fixed Asset","Building - 9401 Nieman Road","1500.02","Fixed Assets","Debit","Posting Account","Active","Keep Active","Balance Sheet / Not Direct Schedule E","Capitalized acquisition cost allocated to the residential building, excluding land and separately identified assets.","PUBLIC-ACCT-0143"
"Fixed Asset","Building Improvements - 9401 Nieman Road","1500.03","Fixed Assets","Debit","Posting Account","Active","Keep Active","Balance Sheet / Not Direct Schedule E","Capitalized building betterments, restorations, and adaptations placed in service after acquisition. Excludes ordinary repairs; maintain project, placed-in-service date, cost, and book/tax depreciation details.","PUBLIC-ACCT-0144"
"Fixed Asset","Land Improvements - 9401 Nieman Road","1500.04","Fixed Assets","Debit","Posting Account","Active","Keep Active","Balance Sheet / Not Direct Schedule E","Capitalized depreciable site improvements such as qualifying paving, fencing, drainage, and permanent landscaping. Track separately from building improvements because useful lives and tax recovery periods may differ.","PUBLIC-ACCT-0145"
"Fixed Asset","Furniture And Equipment","1500.06","Fixed Assets","Debit","Posting Account","Active","Keep Active","Balance Sheet / Not Direct Schedule E","Capitalized furniture, office equipment, and property equipment exceeding the adopted capitalization threshold.","PUBLIC-ACCT-0146"
"Other Asset","Construction In Progress","1550","","Debit","Posting Account","Active","Keep Active","Balance Sheet / Not Direct Schedule E","Qualifying capital-project costs accumulated before the asset is ready and available for use. Do not depreciate CIP; transfer to the appropriate fixed-asset account when placed in service.","PUBLIC-ACCT-0147"
"Fixed Asset","Accumulated Depreciation","1590","","Credit","Top Parent – Do Not Post","Active","Keep Active – Parent / Do Not Post","Balance Sheet / Not Direct Schedule E","Parent contra-asset for cumulative depreciation. Do not post directly.","PUBLIC-ACCT-0148"
"Fixed Asset","Accumulated Depreciation - Building","1590.01","Accumulated Depreciation","Credit","Contra-Asset Posting Account","Active","Keep Active","Balance Sheet / Not Direct Schedule E","Cumulative depreciation recorded against the building. This account normally carries a credit balance.","PUBLIC-ACCT-0047"
"Fixed Asset","Accumulated Depreciation - Appliances, Furniture And Equipment","1590.03","Accumulated Depreciation","Credit","Contra-Asset Posting Account","Active","Keep Active","Balance Sheet / Not Direct Schedule E","Cumulative depreciation recorded against appliances, furniture, and equipment. This account normally carries a credit balance.","PUBLIC-ACCT-0125"
"Fixed Asset","Accumulated Depreciation - Improvements","1590.02","Accumulated Depreciation","Credit","Posting Account","Active","Active – Rename/Scope Cleanup Recommended","Balance Sheet / Not Direct Schedule E","Cumulative book depreciation for building improvements only. Recommended live rename: Accumulated Depreciation - Building Improvements. Land improvements belong in 1590.04.","PUBLIC-ACCT-0149"
"Fixed Asset","Accumulated Depreciation - Land Improvements","1590.04","Accumulated Depreciation","Credit","Contra-Asset Posting Account","Active","Conditional – Live but Use Only If Land-Improvement Basis Exists","Balance Sheet / Not Direct Schedule E","Cumulative book depreciation recorded against depreciable land improvements. Normal balance is credit. Do not depreciate land; maintain detailed book and tax fixed-asset schedules.","PUBLIC-ACCT-0180"
"Non Current Liability","Non Current Liabilities","2800","","Credit","Parent – Do Not Post","Active","Keep Active – Parent / Do Not Post","Balance Sheet / Not Direct Schedule E","Parent for mortgage and other debt principal. Do not post directly.","PUBLIC-ACCT-0152"
"Non Current Liability","Related-Party Loans Payable","2800.03","Non Current Liabilities","Credit","Posting Account","Active","Keep Active","Balance Sheet / Not Direct Schedule E","Documented loans owed to related parties other than the member.","PUBLIC-ACCT-0136"
"Non Current Liability","Mortgage Payable - 9401 Nieman Road","2800.01","Non Current Liabilities","Credit","Posting Account","Active","Keep Active","Balance Sheet / Not Direct Schedule E","Long-term portion of mortgage principal due more than 12 months after the balance-sheet date. Reduce for principal payments and reclassify the next 12 months to 2200.04 at each applicable reporting date.","PUBLIC-ACCT-0153"
"Non Current Liability","Loan Payable To Member","2800.02","Non Current Liabilities","Credit","Posting Account","Active","Keep Active","Balance Sheet / Not Direct Schedule E","Bona fide member loans supported by repayment terms. Excludes permanent capital contributions.","PUBLIC-ACCT-0154"
"Non Current Liability","Other Loans Payable","2800.04","Non Current Liabilities","Credit","Posting Account","Active","Keep Active","Balance Sheet / Not Direct Schedule E","Long-term portion of third-party non-mortgage loan principal due more than 12 months after the balance-sheet date. Reclassify current maturities to 2320.","PUBLIC-ACCT-0155"
"Expense","Commissions","6030","","Debit","Top Parent – Do Not Post","Active","Keep Active – Parent / Do Not Post","Schedule E Line 8 – Commissions","Schedule E Line 8 top-level parent. Do not post directly; use an applicable child account.","PUBLIC-ACCT-0163"
"Expense","Leasing Commissions","6030.01","Commissions","Debit","Posting Account","Active","Keep Active – Scope Review","Book / Tax Review – Expense vs Deferred Leasing Cost","Third-party commissions for procuring or renewing tenants. Evaluate whether incremental lease-acquisition costs require deferral to conditional 1600 and amortization through 6030.03.","PUBLIC-ACCT-0164"
"Expense","Tenant Referral And Placement Fees","6030.02","Commissions","Debit","Posting Account","Active","Keep Active – Scope Review","Book / Tax Review – Expense vs Deferred Leasing Cost","Referral or placement fees paid for a completed tenancy. Evaluate whether an incremental lease-acquisition cost requires deferral to conditional 1600 and amortization through 6030.03.","PUBLIC-ACCT-0165"
"Expense","Utilities","6120","","Debit","Top Parent – Do Not Post","Active","Keep Active – Parent / Do Not Post","Schedule E Line 17 – Utilities","Schedule E Line 17 top-level parent. Do not post directly; use an applicable child account.","PUBLIC-ACCT-0167"
"Expense","Water","6120.03","Utilities","Debit","Posting Account","Active","Keep Active","Schedule E Line 17 – Utilities","Potable-water charges paid by the landlord.","PUBLIC-ACCT-0062"
"Expense","Natural Gas","6120.02","Utilities","Debit","Posting Account","Active","Keep Active","Schedule E Line 17 – Utilities","Natural-gas or propane utility charges paid for rental-property use.","PUBLIC-ACCT-0063"
"Expense","Sewer And Stormwater","6120.04","Utilities","Debit","Posting Account","Active","Keep Active","Schedule E Line 17 – Utilities","Wastewater, sewer, and stormwater utility charges paid by the landlord.","PUBLIC-ACCT-0064"
"Expense","Internet And Cable","6120.06","Utilities","Debit","Posting Account","Active","Keep Active","Schedule E Line 17 – Utilities","Internet, cable, or television service provided for rental operations or tenant amenities.","PUBLIC-ACCT-0065"
"Expense","Electricity","6120.01","Utilities","Debit","Posting Account","Active","Keep Active","Schedule E Line 17 – Utilities","Electricity paid for rental units, common areas, exterior lighting, or other rental-property use.","PUBLIC-ACCT-0066"
"Expense","Business Telephone And Mobile Service","6120.07","Utilities","Debit","Posting Account","Active","Keep Active","Schedule E Line 17 – Utilities","Monthly cellular, VoIP, and telephone service used for GH Real Estate rental operations, including tenant, vendor, emergency, and property-management communications. Allocate and exclude any personal-use portion. Excludes separately purchased phone hardware, which is recorded as supplies or equipment as appropriate.","PUBLIC-ACCT-0067"
"Expense","Trash And Recycling","6120.05","Utilities","Debit","Posting Account","Active","Keep Active","Schedule E Line 17 – Utilities","Refuse, dumpster, recycling, and similar collection services.","PUBLIC-ACCT-0168"
"Expense","Non-Deductible Expenses – Tax Adjustment","7990","","Normally Zero / Mixed","Top Parent – Do Not Post","Active","Keep Active – Parent / Do Not Post","Book Expense – Exclude / Tax Addback Review","Top-level book-expense parent for costs excluded from Schedule E and requiring tax adjustment. Do not post directly; use a defined child and provide balances to the tax preparer.","PUBLIC-ACCT-0184"
"Expense","Non-Deductible Government Fines and Penalties","7990.01","Non-Deductible Expenses – Tax Adjustment","Debit","Posting / Tax Addback","Active","Keep Active","Book Expense – Exclude / Tax Addback Review","Government-imposed fines and penalties recorded for book purposes but generally excluded from federal deduction under IRC 162(f), subject to narrow exceptions. Keep outside the Schedule E Line 19 rollup and provide to the tax preparer for review.","PUBLIC-ACCT-0185"
