"Account ID","Account Name","Account Code","Description","Account Type","Account Status","Currency","Parent Account"
"PUBLIC-ACCT-0021","Adjustments","4903","Used for manual adjustments such as rounding differences, reconciliation corrections, or minor balance settlements.","Income","Active","USD",""
"PUBLIC-ACCT-0001","Undeposited Funds","1100","Temporary holding account for cash or checks received but not yet deposited. Clear when the related deposit is recorded.","Cash","Active","USD",""
"PUBLIC-ACCT-0002","Petty Cash","1110","It is a small amount of cash that is used to pay your minor or casual expenses rather than writing a check.","Cash","Active","USD",""
"PUBLIC-ACCT-0003","Accounts Receivable","1200","Zoho control account for issued customer invoices that remain unpaid. Use invoice, payment, and credit-note workflows rather than manual tenant postings.","Accounts Receivable","Active","USD",""
"PUBLIC-ACCT-0004","Advance Tax","1390","Zoho default account for recoverable entity-level tax prepayments. Leave at zero unless GH Real Estate has a genuine recoverable tax asset.","Other Current Asset","Active","USD",""
"PUBLIC-ACCT-0005","Accounts Payable","2000","Zoho control account for approved vendor bills not yet paid. Use bills, vendor credits, and payments rather than manual entries.","Accounts Payable","Active","USD",""
"PUBLIC-ACCT-0006","Tax Payable","2500","Zoho control account for taxes collected or incurred and owed to a taxing authority. Do not use for property-tax expense.","Other Current Liability","Active","USD",""
"PUBLIC-ACCT-0007","Retained Earnings","3010","Zoho account for accumulated prior-period earnings. Avoid manual posting except for accountant-approved entries.","Equity","Active","USD",""
"PUBLIC-ACCT-0008","Member's Equity","3000","Parent for the sole member's ownership interest in GH Real Estate, LLC. Do not post directly when a specific contribution or distribution subaccount applies.","Equity","Active","USD",""
"PUBLIC-ACCT-0022","Member Draws / Distributions","3000.02","Cash, property, or personal expenditures distributed to the member. Normal balance is debit. This is not a rental expense and is not deductible on Schedule E.","Equity","Active","USD","Member's Equity"
"PUBLIC-ACCT-0135","Member Capital Contributions","3000.01","Cash or property permanently contributed by the member. Excludes documented loans expected to be repaid.","Equity","Active","USD","Member's Equity"
"PUBLIC-ACCT-0009","Opening Balance Offset","3030","Migration account used only to establish opening balances. It should normally be zero after setup is reconciled.","Equity","Active","USD",""
"PUBLIC-ACCT-0010","Rental Income","4000","Schedule E top-level parent for rents received and other tenant-derived rental income. Do not post directly.","Income","Active","USD",""
"PUBLIC-ACCT-0037","Pet Rent","4000.03","Recurring additional rent charged under an approved pet agreement. Excludes refundable pet deposits.","Income","Active","USD","Rental Income"
"PUBLIC-ACCT-0112","Base Rent","4000.01","Contractual rent earned for tenant occupancy, excluding separately stated pet rent, storage rent, fees, and reimbursements.","Income","Active","USD","Rental Income"
"PUBLIC-ACCT-0113","Storage Rent","4000.04","Rent earned for tenant use of separately provided storage space.","Income","Active","USD","Rental Income"
"PUBLIC-ACCT-0117","Laundry Income","4000.05","Revenue from tenant use of landlord-owned or landlord-operated laundry facilities.","Income","Active","USD","Rental Income"
"PUBLIC-ACCT-0122","Housing Assistance Rent","4000.02","Rent paid by a housing authority or assistance program on behalf of a tenant.","Income","Active","USD","Rental Income"
"PUBLIC-ACCT-0156","Tenant Fee Income","4000.10","Lease-authorized late fees assessed on delinquent rent. Do not post here.","Income","Active","USD","Rental Income"
"PUBLIC-ACCT-0038","Application / Processing Fee Income","4000.10.04","Application or screening charges retained by GH Real Estate. Excludes amounts retained directly by a third party.","Income","Active","USD","Tenant Fee Income"
"PUBLIC-ACCT-0039","Late Fee Income","4000.10.01","Lease-authorized late fees assessed on delinquent rent.","Income","Active","USD","Tenant Fee Income"
"PUBLIC-ACCT-0116","Returned Payment Fee Income","4000.10.02","Lease-authorized charge for returned ACH or other failed tenant payments.","Income","Active","USD","Tenant Fee Income"
"PUBLIC-ACCT-0118","Other Tenant Fee Income","4000.10.08","Infrequent lease-authorized tenant fees that do not fit another defined income account.","Income","Active","USD","Tenant Fee Income"
"PUBLIC-ACCT-0120","Early Termination / Lease Buyout Income","4000.10.05","Amounts earned when a tenant pays to terminate or buy out a lease early.","Income","Active","USD","Tenant Fee Income"
"PUBLIC-ACCT-0131","Re-Leasing Advertising Reimbursement","4000.10.07","The cost of the Zillow advertisement to be republished for when the tenant buys out the lease early.","Income","Active","USD","Tenant Fee Income"
"PUBLIC-ACCT-0134","Online Payment Fee Reimbursements","4000.10.06","Tenant charges reimbursing permitted payment-processing costs. Record processor fees separately as expenses.","Income","Active","USD","Tenant Fee Income"
"PUBLIC-ACCT-0157","Lease Termination Fee Income","4000.10.03","","Income","Active","USD","Tenant Fee Income"
"PUBLIC-ACCT-0158","Repair And Damage Reimbursements","4000.11","Tenant payments for chargeable repairs, cleaning, or damage. Record the related cost separately.","Income","Active","USD","Rental Income"
"PUBLIC-ACCT-0159","Other Tenant Reimbursements","4000.12","Tenant reimbursements that do not fit utilities, repairs, or damage.","Income","Active","USD","Rental Income"
"PUBLIC-ACCT-0160","Deposit Forfeitures And Retained Deposit Income","4000.13","Refundable deposits recognized as income only when legally retained. Do not duplicate income when applying a deposit to an existing receivable.","Income","Active","USD","Rental Income"
"PUBLIC-ACCT-0177","Miscellaneous Rental Income","4000.14","Infrequent tenant-derived rental income that cannot be classified more accurately. Review quarterly.","Income","Active","USD","Rental Income"
"PUBLIC-ACCT-0182","Utility Reimbursements","4000.20","Tenant reimbursements for landlord-paid water, sewer, electricity, gas, trash, internet, or similar utilities. Record the landlord-paid utility cost separately in the applicable Utilities expense account.","Income","Active","USD","Rental Income"
"PUBLIC-ACCT-0011","Other Fees","4906","Zoho refund control account. Normal balance is debit when used as contra-revenue. Use only through the intended refund workflow, keep separate from tenant-deposit refunds, and review or clear unexpected balances.","Income","Active","USD",""
"PUBLIC-ACCT-0020","Unearned Rent Revenue","2600","Zoho standalone book-basis liability for rent received before the rental period is earned. Normal balance is credit. Federal tax generally includes advance rent when received, so provide the year-end balance to the tax preparer for a book-tax adjustment. Do not use for refundable deposits.","Other Current Liability","Active","USD",""
"PUBLIC-ACCT-0012","Other Charges","4904","Zoho system account for invoice adjustments and miscellaneous positive charges. Leave standalone and do not use for rent or routine tenant-fee items.","Income","Active","USD",""
"PUBLIC-ACCT-0114","Pet Deposits","4300.02","Pet deposits retained due to pet-related property damage or lease violations.","Income","Inactive","USD","Other Charges"
"PUBLIC-ACCT-0115","Security Deposit","4300.03","Security deposits retained due to unpaid rent, damages, or early termination.","Income","Inactive","USD","Other Charges"
"PUBLIC-ACCT-0013","Other Refunds","4905","Zoho refund control account. Normal balance is debit when used as contra-revenue. Use only through the intended refund workflow, keep separate from tenant-deposit refunds, and review or clear unexpected balances.","Income","Active","USD",""
"PUBLIC-ACCT-0014","Discounts","4901","Zoho system contra-revenue account for invoice discounts. Normal balance is debit even though Zoho classifies it as Income. Use only through the invoice discount field and review balances at year-end.","Income","Active","USD",""
"PUBLIC-ACCT-0015","Exchange Gain Or Loss","8000","Zoho default system account for exchange-rate gains and losses on foreign-currency transactions. Credit balances represent gains and debit balances represent losses. Keep standalone and let Zoho post automatically. Do not use for bank fees, processor fees, or manual balancing.","Expense","Active","USD",""
"PUBLIC-ACCT-0016","ZZ – Reserved Zoho Other Expense (Do Not Use)","8099","Zoho system or reserved account. Keep standalone, unmapped from routine items, and ordinarily at zero. Investigate any posting by Account ID before reclassifying it.","Other Expense","Active","USD",""
"PUBLIC-ACCT-0023","Shipping Charges","4902","Records freight or shipping charges collected from customers as part of sales transactions.","Income","Active","USD",""
"PUBLIC-ACCT-0017","Purchase Adjustments","5900","Zoho control account for transaction-level purchase adjustments entered on bills or vendor credits. Keep standalone and let Zoho workflows post to it. Vendor credits should otherwise reverse the original expense or asset account. Do not use as a routine rental expense.","Expense","Active","USD",""
"PUBLIC-ACCT-0027","Employee Advance","1391","Zoho default account for advances made to an employee. Leave at zero unless a documented employee advance exists.","Other Current Asset","Active","USD",""
"PUBLIC-ACCT-0019","Opening Balance Adjustments","2400","Zoho migration-control account. Investigate and clear the balance after opening balances are fully entered and reconciled.","Other Current Liability","Active","USD",""
"PUBLIC-ACCT-0028","Other Current Liabilities","2200","Parent for obligations expected to be settled in the normal operating cycle. Do not post directly.","Other Current Liability","Active","USD",""
"PUBLIC-ACCT-0124","Tenant Deposits Held","2200.03","Single Zoho Retainer Invoice liability for refundable holding, security, and pet deposits. Credit when received; debit when refunded or validly applied. Track tenant, unit, lease, and deposit type in required Retainer custom fields and the deposit subledger.","Other Current Liability","Active","USD","Other Current Liabilities"
"PUBLIC-ACCT-0150","Due To Member / Reimbursements Payable","2200.01","Documented GH Real Estate expenses paid personally by the member and owed back by the business.","Other Current Liability","Active","USD","Other Current Liabilities"
"PUBLIC-ACCT-0151","Accrued Expenses Payable","2200.02","Material expenses incurred but not yet billed or paid under accrual-basis reporting.","Other Current Liability","Active","USD","Other Current Liabilities"
"PUBLIC-ACCT-0181","Current Portion Of Mortgage Payable – 9401 Nieman Road","2200.04","Mortgage principal contractually due within 12 months after the balance-sheet date. Reclassify from 2800.01 at each GAAP reporting date; this is a liability reclassification, not an expense. Normal balance is credit.","Other Current Liability","Active","USD","Other Current Liabilities"
"PUBLIC-ACCT-0029","ZZ – Reserved Zoho Expense 02 (Do Not Use)","8096","Zoho system or reserved account. Keep standalone, unmapped from routine items, and ordinarily at zero. Investigate any posting by Account ID before reclassifying it.","Expense","Active","USD",""
"PUBLIC-ACCT-0030","Accrued Expenses And Dimension Adjustments","2250","Zoho technical account for dimension and reporting-tag adjustments. Reserve for system use and investigate any balance.","Other Liability","Active","USD",""
"PUBLIC-ACCT-0018","ZZ – Reserved Zoho Expense 01 (Do Not Use)","8095","Zoho system or reserved account. Keep standalone, unmapped from routine items, and ordinarily at zero. Investigate any posting by Account ID before reclassifying it.","Expense","Active","USD",""
"PUBLIC-ACCT-0025","Inventory Asset","1900","Zoho inventory-control account. GH Real Estate does not ordinarily use inventory accounting; leave at zero and do not record repairs, supplies, or fixed assets here.","Stock","Active","USD",""
"PUBLIC-ACCT-0026","Cost Of Goods Sold","6998","Zoho system account for direct inventory costs. GH Real Estate does not ordinarily use inventory costing; leave at zero and do not post property operating costs here.","Cost Of Goods Sold","Active","USD",""
"PUBLIC-ACCT-0031","ZZ – Reserved Zoho Expense 03 (Do Not Use)","8097","Zoho system or reserved account. Keep standalone, unmapped from routine items, and ordinarily at zero. Investigate any posting by Account ID before reclassifying it.","Expense","Active","USD",""
"PUBLIC-ACCT-0033","GH Real Estate - Savings","1010","Business savings account for operating reserves and planned property expenditures. Reconcile monthly.","Bank","Active","USD",""
"PUBLIC-ACCT-0034","GH Real Estate - Checking","1000","Primary operating bank account for rent receipts, mortgage payments, vendor payments, and ordinary property operations. Reconcile monthly.","Bank","Active","USD",""
"PUBLIC-ACCT-0035","GH Real Estate - Money Market Savings","1020","Business money-market account for interest-bearing reserves. Reconcile monthly and record earned interest separately.","Bank","Active","USD",""
"PUBLIC-ACCT-0040","Cleaning And Maintenance","6020","Schedule E Line 7 top-level parent. Do not post directly; use an applicable child account.","Expense","Active","USD",""
"PUBLIC-ACCT-0070","Snow And Ice Removal","6020.04","Plowing, shoveling, salting, and similar winter-property maintenance.","Expense","Active","USD","Cleaning And Maintenance"
"PUBLIC-ACCT-0071","Landscaping And Lawn Care","6020.03","Routine mowing, trimming, leaf removal, mulching, and ordinary grounds care.","Expense","Active","USD","Cleaning And Maintenance"
"PUBLIC-ACCT-0078","Pest Control","6020.05","Routine extermination and pest-prevention services.","Expense","Active","USD","Cleaning And Maintenance"
"PUBLIC-ACCT-0079","Cleaning And Janitorial Services","6020.01","Routine common-area and occupied-unit cleaning services.","Expense","Active","USD","Cleaning And Maintenance"
"PUBLIC-ACCT-0080","Preventive HVAC Maintenance","6020.06","Routine HVAC servicing, inspections, filter changes, and preventive care. Excludes repairs and replacements.","Expense","Active","USD","Cleaning And Maintenance"
"PUBLIC-ACCT-0081","Laundry Equipment Maintenance","6020.08","Routine servicing and preventive maintenance of shared or in-unit laundry equipment.","Expense","Active","USD","Cleaning And Maintenance"
"PUBLIC-ACCT-0082","Gutter, Drainage And Exterior Maintenance","6020.07","Routine gutter cleaning, drainage upkeep, window cleaning, staining, sealing, and similar non-repair maintenance.","Expense","Active","USD","Cleaning And Maintenance"
"PUBLIC-ACCT-0109","Vacancy Turnover Cleaning","6020.02","Ordinary deep cleaning between tenant move-out and move-in. Excludes restoration or capital improvement work.","Expense","Active","USD","Cleaning And Maintenance"
"PUBLIC-ACCT-0121","Fire And Life-Safety Maintenance","6020.09","Routine extinguisher inspections, alarm servicing, and other recurring safety-maintenance costs.","Expense","Active","USD","Cleaning And Maintenance"
"PUBLIC-ACCT-0041","Legal And Professional Fees","6050","Schedule E Line 10 top-level parent. Do not post directly; use an applicable child account.","Expense","Active","USD",""
"PUBLIC-ACCT-0088","Legal Fees","6050.01","Attorney and court-related costs for leases, collections, evictions, compliance, disputes, or other rental matters.","Expense","Active","USD","Legal And Professional Fees"
"PUBLIC-ACCT-0089","Accounting And Tax Preparation Fees","6050.02","CPA, tax-preparation, and financial-reporting services allocable to rental activity.","Expense","Active","USD","Legal And Professional Fees"
"PUBLIC-ACCT-0090","Consulting And Other Professional Fees","6050.04","Professional services that do not fit legal, accounting, bookkeeping, management, or capital-project costs.","Expense","Active","USD","Legal And Professional Fees"
"PUBLIC-ACCT-0092","Bookkeeping Services","6050.03","Day-to-day bookkeeping, reconciliation, and accounting support services.","Expense","Active","USD","Legal And Professional Fees"
"PUBLIC-ACCT-0042","Management Fees","6060","Schedule E Line 11 top-level parent. Do not post directly; use an applicable child account.","Expense","Active","USD",""
"PUBLIC-ACCT-0093","Property Management Fees","6060.01","Fees paid to an outside property manager for routine operation, tenant administration, and oversight.","Expense","Active","USD","Management Fees"
"PUBLIC-ACCT-0043","Repairs","6090","Schedule E Line 14 top-level parent. Do not post directly; use an applicable child account.","Expense","Active","USD",""
"PUBLIC-ACCT-0096","Plumbing Repairs","6090.03","Repairs to pipes, drains, faucets, toilets, valves, supply lines, and related plumbing.","Expense","Active","USD","Repairs"
"PUBLIC-ACCT-0097","Electrical Repairs","6090.04","Repairs to outlets, switches, fixtures, wiring, panels, and other electrical components.","Expense","Active","USD","Repairs"
"PUBLIC-ACCT-0098","Appliance Repairs","6090.01","Repairs to refrigerators, ranges, dishwashers, and other appliances. Capital replacements require review.","Expense","Active","USD","Repairs"
"PUBLIC-ACCT-0099","General Repairs","6090.09","Ordinary repairs that cannot reasonably be assigned to another repair category. Excludes improvements requiring capitalization.","Expense","Active","USD","Repairs"
"PUBLIC-ACCT-0100","Deck, Fence, Railing And Parking Repairs","6090.06","Deductible repairs to decks, fencing, railings, walkways, and parking surfaces.","Expense","Active","USD","Repairs"
"PUBLIC-ACCT-0101","Structural Repairs","6090.07","Deductible repairs to framing, foundations, walls, or structural components. Material restorations require capitalization review.","Expense","Active","USD","Repairs"
"PUBLIC-ACCT-0102","Roofing, Siding And Exterior Repairs","6090.05","Deductible repairs to roofing, flashing, siding, windows, and exterior building components.","Expense","Active","USD","Repairs"
"PUBLIC-ACCT-0103","HVAC And Furnace Repairs","6090.02","Repairs to furnaces, air conditioners, ductwork, thermostats, and related HVAC components.","Expense","Active","USD","Repairs"
"PUBLIC-ACCT-0108","Laundry Equipment Repairs","6090.08","Corrective repairs to shared or in-unit washers and dryers.","Expense","Active","USD","Repairs"
"PUBLIC-ACCT-0044","Supplies","6100","Schedule E Line 15 top-level parent. Do not post directly; use an applicable child account.","Expense","Active","USD",""
"PUBLIC-ACCT-0104","Office And Administrative Supplies","6100.04","Paper, toner, envelopes, keys, labels, and other consumable administrative supplies.
","Expense","Active","USD","Supplies"
"PUBLIC-ACCT-0105","Cleaning Supplies","6100.01","Consumable cleaners, disinfectants, gloves, paper products, and janitorial supplies.","Expense","Active","USD","Supplies"
"PUBLIC-ACCT-0106","Maintenance Supplies And Consumables","6100.02","Consumable cleaners, disinfectants, gloves, paper products, and janitorial supplies.","Expense","Active","USD","Supplies"
"PUBLIC-ACCT-0166","Small Tools And Hardware","6100.03","Low-cost tools and hardware below the adopted capitalization threshold.","Expense","Active","USD","Supplies"
"PUBLIC-ACCT-0045","Zoho Payments Clearing","1400","Temporary account for Zoho Payments receipts awaiting settlement. Reconcile gross payments, fees, refunds, and bank deposits.","Payment Clearing","Active","USD",""
"PUBLIC-ACCT-0048","Cash Refunds","1120","Zoho cash-refund control account. Use only when a cash refund workflow requires it; otherwise issue refunds from the actual GH bank account. Do not use for security-deposit expense or income. Reconcile to zero.","Cash","Active","USD",""
"PUBLIC-ACCT-0049","Personal Credit Card – Owner","2100","Balance due on the owner's business credit card used for property-related expenses.","Credit Card","Active","USD",""
"PUBLIC-ACCT-0050","Owner - Savings","","","Bank","Active","USD",""
"PUBLIC-ACCT-0051","Owner - Checking","","","Bank","Active","USD",""
"PUBLIC-ACCT-0052","Sylvara.ai - Checking","","","Bank","Inactive","USD",""
"PUBLIC-ACCT-0053","Insurance","6040","Schedule E Line 9 top-level parent. Do not post directly; use an applicable child account.","Expense","Active","USD",""
"PUBLIC-ACCT-0086","Liability And Umbrella Insurance","6040.02","Premiums for general liability and umbrella coverage related to rental operations.","Expense","Active","USD","Insurance"
"PUBLIC-ACCT-0087","Rent Loss Insurance","6040.03","Premiums for coverage of qualifying lost rental income following a covered event.","Expense","Active","USD","Insurance"
"PUBLIC-ACCT-0127","Mortgage Insurance","6040.04","Mortgage insurance premiums separately charged in connection with rental-property financing.","Expense","Active","USD","Insurance"
"PUBLIC-ACCT-0129","Property And Hazard Insurance","6040.01","Premiums for property, casualty, and hazard coverage on rental property.","Expense","Active","USD","Insurance"
"PUBLIC-ACCT-0054","Taxes","6110","Schedule E Line 16 top-level parent. Do not post directly; use an applicable child account.","Expense","Active","USD",""
"PUBLIC-ACCT-0107","State And Local Business Taxes","6110.02","Deductible state or local business taxes other than property tax. Excludes owner income taxes and government penalties.","Expense","Active","USD","Taxes"
"PUBLIC-ACCT-0128","Property Taxes - 9401 Nieman Road","6110.01","Real-estate taxes assessed on 9401 Nieman Road, including amounts paid by the mortgage servicer from escrow.","Expense","Active","USD","Taxes"
"PUBLIC-ACCT-0055","Auto And Travel","6010","Business-related vehicle use and travel expenses.","Expense","Active","USD",""
"PUBLIC-ACCT-0024","Airfare, Lodging, Car Rental and Ground Transportation","6010.03","Necessary travel costs incurred away from the normal business area for rental-property purposes.","Expense","Active","USD","Auto And Travel"
"PUBLIC-ACCT-0056","Business Mileage","6010.01","Substantiated rental-business mileage using the approved reimbursement or tax rate. Do not duplicate actual vehicle costs.","Expense","Active","USD","Auto And Travel"
"PUBLIC-ACCT-0057","Business Travel Meals","6010.04","Properly substantiated meals incurred during qualifying rental-business travel. Tax deductibility may be limited.","Expense","Active","USD","Auto And Travel"
"PUBLIC-ACCT-0073","Parking And Tolls","6010.02","Parking and toll costs incurred for documented rental-property business travel.","Expense","Active","USD","Auto And Travel"
"PUBLIC-ACCT-0058","Mortgage Interest","6070","Schedule E Line 12 top-level parent. Do not post directly; use an applicable child account.","Expense","Active","USD",""
"PUBLIC-ACCT-0059","Mortgage Interest - 9401 Nieman Road","6070.01","Interest portion of mortgage payments for 9401 Nieman Road. Excludes principal, escrow funding, and late charges.","Expense","Active","USD","Mortgage Interest"
"PUBLIC-ACCT-0061","Other Interest","6080","Schedule E Line 13 top-level parent. Do not post directly; use an applicable child account.","Expense","Active","USD",""
"PUBLIC-ACCT-0094","Credit Card Interest","6080.01","Finance charges on a GH Real Estate credit-card balance.","Expense","Active","USD","Other Interest"
"PUBLIC-ACCT-0095","Other Loan Interest","6080.02","Interest on member, related-party, line-of-credit, or other non-mortgage business debt.","Expense","Active","USD","Other Interest"
"PUBLIC-ACCT-0074","Advertising","6000","Schedule E Line 5 top-level parent. Do not post directly; use an applicable child account.","Expense","Active","USD",""
"PUBLIC-ACCT-0075","Online Advertising And Rental Listings","6000.01","Zillow and other online listing or paid advertising costs used to market available units.","Expense","Active","USD","Advertising"
"PUBLIC-ACCT-0076","Print Marketing And Signage","6000.03","Flyers, brochures, yard signs, banners, and similar rental-marketing materials.","Expense","Active","USD","Advertising"
"PUBLIC-ACCT-0077","Listing Photography And Videography","6000.02","Professional photography, video, floor plans, and media used to market rental units.","Expense","Active","USD","Advertising"
"PUBLIC-ACCT-0083","Depreciation Expense","6130","Schedule E Line 18 top-level parent. Do not post directly; use an applicable child account.","Expense","Active","USD",""
"PUBLIC-ACCT-0084","Building Depreciation - 9401 Nieman Road","6130.01","Periodic depreciation of the depreciable building basis for 9401 Nieman Road.","Expense","Active","USD","Depreciation Expense"
"PUBLIC-ACCT-0085","Appliance, Furniture And Equipment Depreciation","6130.03","Periodic depreciation of capitalized appliances, furniture, and equipment.","Expense","Active","USD","Depreciation Expense"
"PUBLIC-ACCT-0169","Building And Land Improvement Depreciation","6130.02","Periodic depreciation of separately capitalized building and land improvements.","Expense","Active","USD","Depreciation Expense"
"PUBLIC-ACCT-0110","Other Expenses","6990","Schedule E Line 19 top-level parent. Do not post directly; use an applicable child account.","Expense","Active","USD",""
"PUBLIC-ACCT-0060","Bad Debt Expense – Accrual Basis Only","6990.13","Amounts previously recognized as income that become uncollectible. Cash-basis uncollected rent generally is not a bad-debt expense.","Expense","Active","USD","Other Expenses"
"PUBLIC-ACCT-0068","Education And Training","6990.12","Rental-business education, publications, and relevant professional association dues.","Expense","Active","USD","Other Expenses"
"PUBLIC-ACCT-0069","Mortgage And Loan Late Fees","6990.14","Lender late charges and non-interest finance penalties. Excludes mortgage interest and principal.","Expense","Active","USD","Other Expenses"
"PUBLIC-ACCT-0072","Software And Subscriptions","6990.04","Zoho and other software, cloud-storage, workflow, and property-management subscriptions used by GH Real Estate.","Expense","Active","USD","Other Expenses"
"PUBLIC-ACCT-0091","Licenses, Permits And Registration Fees","6990.03","Rental registrations, occupancy permits, municipal licenses, and ordinary filing fees. Capital-project permits may require capitalization.","Expense","Active","USD","Other Expenses"
"PUBLIC-ACCT-0170","Postage And Delivery","6990.09","Postage, certified mail, courier, and document-delivery costs for rental operations.","Expense","Active","USD","Other Expenses"
"PUBLIC-ACCT-0171","Tenant Screening And Application Costs","6990.10","Third-party screening or application costs paid by GH Real Estate and not retained directly from an applicant.","Expense","Active","USD","Other Expenses"
"PUBLIC-ACCT-0172","Tenant Welcome Kits And Business Gifts","6990.11","Reasonable tenant welcome materials and qualifying business gifts, subject to applicable tax limitations.","Expense","Active","USD","Other Expenses"
"PUBLIC-ACCT-0173","HOA Assessments And Charges","6990.01","Schedule E Line 19 subgroup for regular HOA assessments and private-association late charges. Do not post directly. Capital or special assessments that improve the property require capitalization review.","Expense","Active","USD","Other Expenses"
"PUBLIC-ACCT-0132","HOA Late Fees And Penalties","6990.01.02","Late charges imposed by the HOA. Keep separate from regular assessments for management review.","Expense","Active","USD","HOA Assessments And Charges"
"PUBLIC-ACCT-0133","Regular HOA Assessments","6990.01.01","Regular HOA assessments for the rental property. Capital special assessments require separate review.","Expense","Active","USD","HOA Assessments And Charges"
"PUBLIC-ACCT-0174","Bank And Payment Processing Fees","6990.05","Schedule E Line 19 subgroup for ordinary bank, ACH, card, and payment-processor charges. Do not post directly; use an applicable child. Record tenant reimbursements separately as income and reconcile processor clearing gross.","Expense","Active","USD","Other Expenses"
"PUBLIC-ACCT-0036","Other Payment Processor Fees","6990.05.03","Fees charged by another active payment processor. Leave unused if GH Real Estate uses only Zoho Payments.","Expense","Active","USD","Bank And Payment Processing Fees"
"PUBLIC-ACCT-0046","Zoho Payments And ACH Processing Fees","6990.05.02","Transaction fees charged by Zoho Payments or its ACH provider.","Expense","Active","USD","Bank And Payment Processing Fees"
"PUBLIC-ACCT-0111","Bank Fees","6990.05.01","Monthly bank charges, check fees, wire fees, and similar banking costs.","Expense","Active","USD","Bank And Payment Processing Fees"
"PUBLIC-ACCT-0175","Business Gifts – Tax Limited","6990.15","Documented business gifts connected to the rental activity. Federal deduction is generally limited to $25 per recipient per year unless an exception applies; track recipient, date, business purpose, and amount.","Expense","Active","USD","Other Expenses"
"PUBLIC-ACCT-0176","Miscellaneous Rental Expense","6990.99","Infrequent ordinary rental costs that genuinely do not fit another account. Review quarterly.","Expense","Active","USD","Other Expenses"
"PUBLIC-ACCT-0119","Other Income","4400","Top-level parent for genuine non-rental and non-operating income. Do not post directly.","Other Income","Active","USD",""
"PUBLIC-ACCT-0161","Bank Interest And Credit Union Dividends","4400.01","Interest or dividend-like earnings credited by GH Real Estate bank and credit-union accounts.","Other Income","Active","USD","Other Income"
"PUBLIC-ACCT-0162","Miscellaneous Other Income","4400.09","Infrequent non-rental business income that cannot be accurately classified elsewhere.","Other Income","Active","USD","Other Income"
"PUBLIC-ACCT-0178","Insurance, Settlement And Claim Proceeds","4400.02","Insurance or claim receipts pending final tax treatment. Review material proceeds for loss, basis, or gain implications.","Other Income","Active","USD","Other Income"
"PUBLIC-ACCT-0183","Tenant Late-Payment Interest – Tax Review","4400.03","Separately tracked stated charge on overdue tenant debt. Recognition requires an enforceable signed-lease term and supported calculation. Tax presentation depends on the legal and economic characterization; Schedule E rental income versus Form 1040/Schedule B interest remains a tax-preparer decision.","Other Income","Active","USD","Other Income"
"PUBLIC-ACCT-0123","Vendor Credits / Overpayments","2700","Balances or credits due back to vendors for overpayments or returns.","Other Current Liability","Active","USD",""
"PUBLIC-ACCT-0130","Goods In Transit","1910","Zoho inventory-control account for goods in transit. GH Real Estate does not ordinarily use it; leave at zero.","Other Current Asset","Active","USD",""
"PUBLIC-ACCT-0138","Third-Party Loans Payable","2320","Current loan obligations owed to third-party lenders, excluding mortgages, owner loans, related-party loans, trade payables, tenant deposits, and tax liabilities.","Other Current Liability","Active","USD",""
"PUBLIC-ACCT-0139","Other Current Assets","1300","Parent for short-term non-cash assets. Do not post directly.","Other Current Asset","Active","USD",""
"PUBLIC-ACCT-0032","Prepaid Expenses","1300.01","Payments made before the related service or benefit period. Amortize material amounts over the applicable period.","Other Current Asset","Active","USD","Other Current Assets"
"PUBLIC-ACCT-0137","Mortgage Escrow - 9401 Nieman Road","1300.03","Funds held by the mortgage servicer for property taxes and insurance. Reduce when the servicer disburses the funds.","Other Current Asset","Active","USD","Other Current Assets"
"PUBLIC-ACCT-0140","Vendor Advances And Refunds Receivable","1300.02","Vendor deposits, advances, and confirmed refunds owed to GH Real Estate. Clear through the applicable bill, credit, or refund.","Other Current Asset","Active","USD","Other Current Assets"
"PUBLIC-ACCT-0179","Due From Member / Member Receivable","1300.04","Documented, enforceable amount the member must repay promptly to GH Real Estate. Do not net against Due to Member. If repayment is not expected, classify as a member distribution instead of an asset.","Other Current Asset","Active","USD","Other Current Assets"
"PUBLIC-ACCT-0141","Fixed Assets","1500","Parent for capitalized property and equipment. Do not post directly.","Fixed Asset","Active","USD",""
"PUBLIC-ACCT-0126","Appliances","1500.05","Capitalized appliances exceeding the adopted capitalization threshold. Maintain item-level detail in the fixed-asset register.","Fixed Asset","Active","USD","Fixed Assets"
"PUBLIC-ACCT-0142","Land - 9401 Nieman Road","1500.01","Allocated acquisition cost of nondepreciable land, including qualifying capitalized acquisition costs.","Fixed Asset","Active","USD","Fixed Assets"
"PUBLIC-ACCT-0143","Building - 9401 Nieman Road","1500.02","Capitalized acquisition cost allocated to the residential building, excluding land and separately identified assets.","Fixed Asset","Active","USD","Fixed Assets"
"PUBLIC-ACCT-0144","Building Improvements - 9401 Nieman Road","1500.03","Capitalized betterments, restorations, and adaptations placed in service after acquisition. Excludes ordinary repairs.","Fixed Asset","Active","USD","Fixed Assets"
"PUBLIC-ACCT-0145","Land Improvements - 9401 Nieman Road","1500.04","Capitalized depreciable site improvements such as qualifying paving, fencing, drainage, and permanent landscaping installations.","Fixed Asset","Active","USD","Fixed Assets"
"PUBLIC-ACCT-0146","Furniture And Equipment","1500.06","Capitalized furniture, office equipment, and property equipment exceeding the adopted capitalization threshold.","Fixed Asset","Active","USD","Fixed Assets"
"PUBLIC-ACCT-0147","Construction In Progress","1550","Qualifying capital-project costs incurred before an asset is ready and available for use. Transfer to the appropriate fixed asset when placed in service.","Other Asset","Active","USD",""
"PUBLIC-ACCT-0148","Accumulated Depreciation","1590","Parent contra-asset for cumulative depreciation. Do not post directly.","Fixed Asset","Active","USD",""
"PUBLIC-ACCT-0047","Accumulated Depreciation - Building","1590.01","Cumulative depreciation recorded against the building. This account normally carries a credit balance.","Fixed Asset","Active","USD","Accumulated Depreciation"
"PUBLIC-ACCT-0125","Accumulated Depreciation - Appliances, Furniture And Equipment","1590.03","Cumulative depreciation recorded against appliances, furniture, and equipment. This account normally carries a credit balance.","Fixed Asset","Active","USD","Accumulated Depreciation"
"PUBLIC-ACCT-0149","Accumulated Depreciation - Improvements","1590.02","Cumulative depreciation recorded against building and land improvements. This account normally carries a credit balance.","Fixed Asset","Active","USD","Accumulated Depreciation"
"PUBLIC-ACCT-0180","Accumulated Depreciation - Land Improvements","1590.04","Cumulative book depreciation recorded against depreciable land improvements. Normal balance is credit. Do not depreciate land; maintain detailed book and tax fixed-asset schedules.","Fixed Asset","Active","USD","Accumulated Depreciation"
"PUBLIC-ACCT-0152","Non Current Liabilities","2800","Parent for mortgage and other debt principal. Do not post directly.","Non Current Liability","Active","USD",""
"PUBLIC-ACCT-0136","Related-Party Loans Payable","2800.03","Documented loans owed to related parties other than the member.","Non Current Liability","Active","USD","Non Current Liabilities"
"PUBLIC-ACCT-0153","Mortgage Payable - 9401 Nieman Road","2800.01","Outstanding mortgage principal secured by 9401 Nieman Road. Reduce only for principal payments or lender-approved adjustments.","Non Current Liability","Active","USD","Non Current Liabilities"
"PUBLIC-ACCT-0154","Loan Payable To Member","2800.02","Bona fide member loans supported by repayment terms. Excludes permanent capital contributions.","Non Current Liability","Active","USD","Non Current Liabilities"
"PUBLIC-ACCT-0155","Other Loans Payable","2800.04","Principal owed to third-party lenders other than the property mortgage, credit card, or trade payables.","Non Current Liability","Active","USD","Non Current Liabilities"
"PUBLIC-ACCT-0163","Commissions","6030","Schedule E Line 8 top-level parent. Do not post directly; use an applicable child account.","Expense","Active","USD",""
"PUBLIC-ACCT-0164","Leasing Commissions","6030.01","Commissions paid to third parties for procuring or renewing tenants.","Expense","Active","USD","Commissions"
"PUBLIC-ACCT-0165","Tenant Referral And Placement Fees","6030.02","Referral or placement fees paid to outside parties for a completed tenancy.","Expense","Active","USD","Commissions"
"PUBLIC-ACCT-0167","Utilities","6120","Schedule E Line 17 top-level parent. Do not post directly; use an applicable child account.","Expense","Active","USD",""
"PUBLIC-ACCT-0062","Water","6120.03","Potable-water charges paid by the landlord.","Expense","Active","USD","Utilities"
"PUBLIC-ACCT-0063","Natural Gas","6120.02","Natural-gas or propane utility charges paid for rental-property use.","Expense","Active","USD","Utilities"
"PUBLIC-ACCT-0064","Sewer And Stormwater","6120.04","Wastewater, sewer, and stormwater utility charges paid by the landlord.","Expense","Active","USD","Utilities"
"PUBLIC-ACCT-0065","Internet And Cable","6120.06","Internet, cable, or television service provided for rental operations or tenant amenities.","Expense","Active","USD","Utilities"
"PUBLIC-ACCT-0066","Electricity","6120.01","Electricity paid for rental units, common areas, exterior lighting, or other rental-property use.","Expense","Active","USD","Utilities"
"PUBLIC-ACCT-0067","Business Telephone And Mobile Service","6120.07","Monthly cellular, VoIP, and telephone service used for GH Real Estate rental operations, including tenant, vendor, emergency, and property-management communications. Allocate and exclude any personal-use portion. Excludes separately purchased phone hardware, which is recorded as supplies or equipment as appropriate.","Expense","Active","USD","Utilities"
"PUBLIC-ACCT-0168","Trash And Recycling","6120.05","Refuse, dumpster, recycling, and similar collection services.","Expense","Active","USD","Utilities"
"PUBLIC-ACCT-0184","Non-Deductible Expenses – Tax Adjustment","7990","Top-level book-expense parent for costs excluded from Schedule E and requiring tax adjustment. Do not post directly; use a defined child and provide balances to the tax preparer.","Expense","Active","USD",""
"PUBLIC-ACCT-0185","Non-Deductible Government Fines and Penalties","7990.01","Government-imposed fines and penalties recorded for book purposes but generally excluded from federal deduction under IRC 162(f), subject to narrow exceptions. Keep outside the Schedule E Line 19 rollup and provide to the tax preparer for review.","Expense","Active","USD","Non-Deductible Expenses – Tax Adjustment"
